FBG1,FBG2,FBG3,Strain,Temperature,Delta_FBG1,Delta_FBG2,Delta_FBG3
0.374540119,0.950714306,0.731993942,7.367186504,5.814632074,-0.13743986874099995,0.45648943554999993,0.2385192156
0.598658484,0.15601864,0.15599452,2.507046086,1.877921621,0.08667849625900004,-0.33820623045000003,-0.3374802064
0.058083612,0.866176146,0.601115012,5.788627653,4.699857499,-0.45389637574099995,0.37195127555,0.10764028559999994
0.708072578,0.020584494,0.969909852,6.190852328,5.000925161,0.19609259025900005,-0.47364037645,0.4764351256
0.832442641,0.212339111,0.181824967,3.332221848,2.447430466,0.32046265325900003,-0.28188575945000005,-0.3116497594
0.18340451,0.304242243,0.524756432,3.92944296,3.118174958,-0.32857547774099993,-0.18998262745,0.03128170559999999
0.431945019,0.29122914,0.611852895,4.759914218,3.83125966,-0.08003496874099997,-0.20299573045000002,0.11837816859999994
0.139493861,0.292144649,0.366361843,3.00156973,2.192176376,-0.37248612674099996,-0.20208022145000004,-0.1271128834
0.456069984,0.785175961,0.199673782,4.08841324,3.49155682,-0.05591000374099997,0.29095109054999996,-0.29380094440000004
0.514234438,0.592414569,0.046450413,3.078829928,2.340217608,0.0022544502590000626,0.09818969854999998,-0.4470243134
0.607544852,0.170524124,0.065051593,1.948982889,1.482500719,0.09556486425900002,-0.32370074645,-0.4284231334
0.948885537,0.965632033,0.808397348,8.701386886,6.902263346,0.43690554925900005,0.47140716255,0.31492262159999995
0.304613769,0.097672114,0.684233027,4.171173094,3.258643795,-0.20736621874099997,-0.39655275645,0.19075830059999999
0.440152494,0.122038235,0.49517691,3.83357308,2.810487218,-0.07182749374099995,-0.37218663545,0.001702183600000018
0.034388521,0.909320402,0.258779982,4.027711817,3.289101618,-0.47759146674099995,0.41509553154999995,-0.2346947444
0.662522284,0.311711076,0.520068021,5.013890674,4.048659115,0.15054229625900006,-0.18251379445000004,0.02659329460000004
0.546710279,0.184854456,0.969584628,6.442326918,5.107952101,0.03473029125900007,-0.30937041445,0.4761099016
0.775132823,0.939498942,0.89482735,8.672163428,7.108531001,0.263152835259,0.44527407154999993,0.4013526236
0.597899979,0.921874235,0.088492502,4.292232729,3.595553703,0.08591999125900007,0.42764936454999997,-0.4049822244
0.195982862,0.045227289,0.325330331,2.277880407,1.721470358,-0.3159971257409999,-0.44899758145,-0.16814439540000004
0.38867729,0.271349032,0.828737509,5.719499403,4.568594205,-0.12330269774099994,-0.22287583845000003,0.3352627826
0.356753327,0.28093451,0.542696083,4.214961869,3.288721221,-0.15522666074099994,-0.21329036045,0.049221356600000044
0.140924225,0.802196981,0.074550644,3.077194433,2.660174119,-0.37105576274099994,0.30797211055,-0.4189240824
0.986886937,0.772244769,0.198715682,5.334264862,4.386524719,0.474906949259,0.27801989855000003,-0.2947590444
0.005522117,0.815461428,0.706857344,6.10345512,4.706100253,-0.5064578707409999,0.32123655754999997,0.2133826176
0.729007168,0.771270347,0.074044652,4.286898558,3.215462367,0.21702718025900003,0.27704547654999995,-0.4194300744
0.358465729,0.11586906,0.863103426,5.3440789,4.251803911,-0.15351425874099994,-0.37835581045,0.3696286996
0.623298127,0.330898025,0.06355835,2.424477311,1.919971874,0.11131813925900003,-0.16332684545000004,-0.4299163764
0.310982322,0.325183322,0.729606178,5.204198985,4.248453056,-0.20099766574099998,-0.16904154845000002,0.23613145160000004
0.637557471,0.887212743,0.472214925,6.323855847,4.990400544,0.1255774832590001,0.39298787254999995,-0.0212598014
0.119594246,0.713244787,0.760785049,6.086472204,5.222149138,-0.39238574174099994,0.21901991655000003,0.2673103226
0.561277198,0.77096718,0.493795596,5.808718825,4.863570991,0.049297210259000024,0.27674230954999995,0.00032086959999999554
0.522732829,0.427541018,0.025419127,2.489563136,1.9758857,0.010752841259000001,-0.06668385245000003,-0.4680555994
0.107891427,0.031429186,0.636410411,3.487257232,2.888750376,-0.40408856074099997,-0.46279568445,0.14293568459999995
0.314355981,0.508570691,0.907566474,6.695536105,5.483816638,-0.19762400674099995,0.014345820549999944,0.4140917476
0.249292229,0.410382923,0.755551139,5.431639387,4.365705457,-0.2626877587409999,-0.08384194745000001,0.26207641260000003
0.228798165,0.07697991,0.289751453,2.114253254,1.61303111,-0.28318182274099996,-0.41724496045000004,-0.20372327340000002
0.161221287,0.929697652,0.80812038,7.059714115,5.806371886,-0.35075870074099996,0.43547278154999997,0.31464565359999996
0.633403757,0.87146059,0.803672077,7.988569509,6.42960903,0.121423769259,0.37723571954999996,0.3101973506
0.186570059,0.892558998,0.539342242,5.851053256,4.682527592,-0.32540992874099994,0.39833412755000003,0.04586751560000002
0.807440155,0.8960913,0.318003475,5.708552799,4.565702734,0.29546016725900004,0.40186642955,-0.17547125140000003
0.110051925,0.227935163,0.427107789,2.946497194,2.363064503,-0.40192806274099996,-0.26628970745,-0.06636693739999999
0.818014766,0.860730583,0.006952131,4.103329009,3.399259843,0.30603477825900005,0.36650571255000003,-0.4865225954
0.510747303,0.417411003,0.22210781,3.319264274,2.690513143,-0.001232684740999912,-0.07681386745000002,-0.2713669164
0.119865367,0.337615171,0.942909704,5.958780971,4.992729013,-0.39211462074099995,-0.15660969945000003,0.44943497759999995
0.323202932,0.518790622,0.703018959,5.572908002,4.455257994,-0.18877705574099996,0.024565751550000015,0.2095442326
0.363629602,0.971782083,0.962447295,8.362655946,6.875247714,-0.14835038574099996,0.47755721255,0.46897256860000003
0.251782296,0.497248506,0.30087831,3.399305921,2.973219259,-0.26019769174099994,0.003023635549999959,-0.19259641640000003
0.284840494,0.036886947,0.609564334,3.748890234,3.18488042,-0.22713949374099995,-0.45733792345,0.11608960759999998
0.502679023,0.051478751,0.278646464,2.559961055,1.956861528,-0.00930096474099995,-0.44274611945000003,-0.21482826240000003
0.908265886,0.239561891,0.144894872,3.187518049,2.590025989,0.39628589825900007,-0.25466297945000005,-0.3485798544
0.48945276,0.985650454,0.242055272,5.163815328,4.223502397,-0.022527227740999967,0.49142558354999993,-0.2514194544
0.672135547,0.761619615,0.237637544,4.762649652,3.882350709,0.16015555925900005,0.26739474454999995,-0.2558371824
0.728216349,0.367783133,0.632305831,5.694145737,4.531121157,0.21623636125900003,-0.12644173745000004,0.13883110460000003
0.633529711,0.535774684,0.09028977,3.493177533,2.694487895,0.12154972325900004,0.041549813549999925,-0.4031849564
0.835302496,0.320780065,0.18651851,3.699583843,2.547753339,0.323322508259,-0.17344480545000002,-0.30695621640000004
0.040775142,0.590892943,0.677564362,5.112092798,4.316859467,-0.47120484574099997,0.09666807254999993,0.18408963560000002
0.016587829,0.512093058,0.226495775,2.784906951,2.22371528,-0.49539215874099995,0.017868187550000025,-0.2669789514
0.64517279,0.174366429,0.690937738,5.349273214,4.145178721,0.1331928022590001,-0.31985844145000003,0.19746301160000002
0.386735346,0.936729989,0.137520944,4.156439051,3.676697987,-0.12524464174099997,0.44250511855,-0.3559537824
0.341066351,0.113473521,0.924693618,5.727899122,4.426564401,-0.17091363674099996,-0.38075134945,0.43121889160000004
0.877339353,0.257941628,0.659984046,5.982217012,4.560491685,0.36535936525900004,-0.23628324245000004,0.16650931960000004
0.8172222,0.555200812,0.529650578,5.836045246,4.931592973,0.30524221225900006,0.060975941550000023,0.03617585160000003
0.241852291,0.093102768,0.897215758,5.157341393,4.101192257,-0.27012769674099996,-0.40112210245,0.40374103159999997
0.900418057,0.633101457,0.339029791,5.497055588,4.234488365,0.38843806925900004,0.13887658654999996,-0.15444493539999998
0.349209575,0.725955679,0.89711026,7.388987017,5.912442057,-0.16277041274099996,0.23173080855,0.40363553360000004
0.887086424,0.779875546,0.642031646,7.379105344,5.932518534,0.3751064362590001,0.28565067554999996,0.14855691959999995
0.084139965,0.161628714,0.898554189,5.179995937,4.145278738,-0.42784002274099997,-0.33259615645,0.40507946259999994
0.60642906,0.009197052,0.101471543,1.786876581,1.209259855,0.09444907225900001,-0.48502781845000004,-0.3920031834
0.663501769,0.005061584,0.160808051,2.013581334,1.597921963,0.15152178125900007,-0.48916328645,-0.3326666754
0.548733789,0.691895198,0.65196126,6.53769124,5.099948273,0.036753801259000074,0.19767032754999997,0.15848653359999998
0.224269309,0.712179221,0.237249087,3.88828072,3.058126263,-0.287710678741,0.21795435054999995,-0.2562256394
0.325399698,0.746491405,0.649632899,6.115499033,4.995444022,-0.18658028974099994,0.25226653455,0.15615817259999998
0.84922341,0.657612892,0.568308603,6.50848082,5.232922335,0.33724342225900006,0.16338802154999993,0.07483387659999996
0.093674768,0.367715803,0.265202368,2.463398033,1.943009955,-0.41830521974099993,-0.12650906745,-0.2282723584
0.243989643,0.973010555,0.393097725,5.42392505,4.477295849,-0.2679903447409999,0.47878568455,-0.1003770014
0.892046555,0.631138626,0.794811304,7.70877125,6.120418497,0.380066567259,0.13691375555000002,0.3013365776
0.502637093,0.576903885,0.492517694,5.192355207,4.304739331,-0.009342894740999919,0.08267901454999999,-0.0009570324000000019
0.195242988,0.722452115,0.280772362,4.07413947,3.266504052,-0.31673699974099995,0.22822724454999993,-0.2127023644
0.024315966,0.645472296,0.177110679,2.837194495,2.468729703,-0.48766402174099993,0.15124742554999998,-0.3163640474
0.940458584,0.953928577,0.91486439,9.373485443,7.501621411,0.4284785962590001,0.45970370655,0.42138966359999996
0.3701587,0.015456617,0.928318563,5.326313629,4.441776418,-0.14182128774099995,-0.47876825345,0.43484383660000003
0.428184148,0.966654819,0.963619977,8.572077424,6.965618242,-0.08379583974099997,0.47242994855000003,0.4701452506
0.853009455,0.294448892,0.385097729,4.497418804,3.546235803,0.3410294672590001,-0.19977597845,-0.10837699740000001
0.851136672,0.316922005,0.169492747,3.523033884,2.974224479,0.33915668425900003,-0.17730286545,-0.3239819794
0.556801262,0.936154774,0.696029797,7.365263138,6.048611728,0.044821274259000066,0.44192990355,0.2025550706
0.57006117,0.097176494,0.615007227,4.493540695,3.615436338,0.05808118225900005,-0.39704837645,0.12153250059999998
0.99005385,0.140084015,0.518329652,5.074612725,3.780978981,0.47807386225900006,-0.35414085545,0.024854925600000022
0.877373072,0.740768618,0.697015741,7.418454278,5.827213355,0.3653930842590001,0.24654374755000003,0.20354101459999996
0.702484084,0.359491151,0.293591844,3.790743133,3.156092929,0.190504096259,-0.13473371945,-0.19988288240000002
0.809361155,0.810113395,0.867072319,8.559382478,6.722166614,0.2973811672590001,0.31588852455,0.37359759260000003
0.913240553,0.511342399,0.501516295,6.006235183,4.592869748,0.401260565259,0.017117528549999983,0.008041568599999938
0.798295179,0.649963931,0.701966877,6.927090267,5.644318374,0.28631519125900007,0.15573906055000003,0.20849215060000004
0.795792669,0.890005342,0.337995157,6.020547929,4.929545679,0.28381268125900005,0.39578047155,-0.15547956940000002
0.375582953,0.09398194,0.578280141,3.874214953,3.18099009,-0.13639703474099996,-0.40024293045000003,0.08480541460000002
0.035942274,0.465598018,0.542644635,4.208250497,3.274386144,-0.47603771374099996,-0.028626852450000018,0.049169908600000034
0.286541252,0.590833261,0.03050025,2.527505949,2.017745147,-0.22543873574099993,0.09660839054999998,-0.4629744764
0.037348189,0.822600561,0.360190641,4.320010487,3.472789602,-0.474631798741,0.32837569055,-0.13328408540000003
0.127060513,0.52224326,0.769993553,5.592442004,4.53740314,-0.38491947474099997,0.028018389549999967,0.27651882660000004
0.215821027,0.622890476,0.085347465,2.657996702,2.180986024,-0.29615896074099995,0.12866560555,-0.4081272614
0.051681721,0.531354632,0.540635122,4.308983754,3.520685089,-0.46029826674099994,0.03712976154999997,0.04716039559999996
0.637429901,0.726091334,0.975852079,8.249211981,6.549267967,0.125449913259,0.23186646355,0.48237735260000003
0.516300348,0.322956473,0.795186195,5.97068326,4.749821016,0.004320360259000067,-0.17126839745,0.3017114686
0.270832251,0.438971421,0.078456381,2.179284672,1.76144169,-0.24114773674099993,-0.05525344945000005,-0.4150183454
0.025350743,0.962648415,0.835980121,7.18675254,5.495622765,-0.48662924474099994,0.46842354454999996,0.34250539459999996
0.695974206,0.408952944,0.17329432,3.634003461,2.964818153,0.1839942182590001,-0.08527192645000004,-0.3201804064
0.156437043,0.250242898,0.549226665,3.751730779,3.166046434,-0.35554294474099996,-0.24398197245000003,0.05575193859999994
0.714595923,0.660197377,0.279933897,4.83339391,3.804492841,0.202615935259,0.16597250655,-0.21354082940000002
0.954865281,0.737896917,0.554354053,6.945160085,5.496338328,0.44288529325900006,0.24367204655000002,0.06087932659999995
0.611720746,0.419600062,0.24773099,3.768096854,2.840339799,0.09974075825900008,-0.07462480845000002,-0.2457437364
0.355972679,0.75784611,0.014393489,3.065046659,2.655720536,-0.15600730874099994,0.26362123955,-0.4790812374
0.116072641,0.046002642,0.040728802,0.648065461,0.641759645,-0.3959073467409999,-0.44822222845000004,-0.4527459244
0.855460584,0.703657859,0.474173829,6.240988787,4.954700214,0.34348059625900007,0.20943298854999998,-0.019300897400000017
0.097834161,0.491615875,0.473471771,3.914108558,3.372031076,-0.414145826741,-0.00260899545000004,-0.020002955400000022
0.17320187,0.433851649,0.398504734,3.727397966,2.955979543,-0.338778117741,-0.060373221450000014,-0.09496999239999998
0.615850098,0.635093651,0.04530401,3.452230281,2.559052769,0.10387011025900006,0.14086878055000002,-0.4481707164
0.374612615,0.625859916,0.503136259,5.066157659,4.097931409,-0.13736737274099997,0.13163504555,0.009661532600000022
0.856489841,0.658693632,0.162934427,4.507526496,3.596399346,0.3445098532590001,0.16446876154999995,-0.3305402994
0.070568747,0.642419278,0.026511311,2.269284781,1.772491787,-0.44141124074099997,0.14819440754999996,-0.4669634154
0.585775581,0.940230241,0.575474178,6.848681394,5.509270359,0.07379559325900009,0.44600537054999995,0.0819994516
0.388169926,0.643288218,0.45825289,5.104766765,4.014347042,-0.12381006174099995,0.14906334755,-0.035221836399999984
0.545616789,0.941464809,0.386102638,6.082528443,4.708409907,0.03363680125900004,0.44723993854999994,-0.10737208840000001
0.961190564,0.905350642,0.195791135,5.538790124,4.493552839,0.44921057625900007,0.41112577155,-0.2976835914
0.069361301,0.100778001,0.018221826,0.394061274,0.322813751,-0.44261868674099997,-0.39344686945,-0.4752529004
0.094442961,0.683006773,0.071188648,2.624231344,2.062234354,-0.41753702674099996,0.18878190255,-0.4222860784
0.31897563,0.844875311,0.023271936,3.361093123,2.555281039,-0.19300435774099994,0.35065044055,-0.4702027904
0.814468483,0.281854775,0.118164828,3.04223879,2.496780526,0.302488495259,-0.21237009545000002,-0.3753098984
0.696737165,0.628942847,0.877472014,7.812989005,5.916786225,0.1847571772590001,0.13471797655,0.38399728759999996
0.735071044,0.80348093,0.282034573,5.156897162,4.354806216,0.22309105625900005,0.30925605954999996,-0.2114401534
0.177439544,0.750614752,0.806834739,6.710188901,5.508670092,-0.33454044374099995,0.25638988155000003,0.3133600126
0.990505142,0.412617677,0.372018086,5.018367662,3.97515619,0.478525154259,-0.08160719345,-0.12145664039999998
0.776412961,0.34080354,0.930757326,7.400960961,5.479343885,0.26443297325900006,-0.15342133045,0.43728259960000004
0.858412752,0.428994027,0.750871068,6.95741446,5.327457411,0.34643276425900005,-0.06523084345000002,0.2573963416
0.754542874,0.103123869,0.902552907,6.254556229,4.993417194,0.24256288625900002,-0.39110100145000004,0.4090781806
0.505252372,0.826457466,0.320049601,5.035169435,4.003160806,-0.006727615741000004,0.33223259555,-0.1734251254
0.895523228,0.389201679,0.010837651,3.098798539,2.308117806,0.383543240259,-0.10502319145,-0.4826370754
0.905381976,0.091286677,0.319313638,3.642479106,3.016563727,0.3934019882590001,-0.40293819345000004,-0.1741610884
0.950061967,0.950607147,0.573437888,7.614593694,6.161855087,0.43808197925900005,0.45638227655,0.07996316159999994
0.631837212,0.448445522,0.293210772,4.077603691,3.149256299,0.11985722425900003,-0.045779348450000035,-0.2002639544
0.328664545,0.672518456,0.752374529,6.244789791,5.024031159,-0.18331544274099998,0.17829358555000002,0.2588998026
0.791579044,0.789618143,0.091206103,4.406659256,3.493536603,0.27959905625900006,0.29539327255,-0.4022686234
0.494420305,0.05755876,0.549528882,3.840188524,3.062297208,-0.01755968274099995,-0.43666611045000003,0.056054155600000044
0.441530501,0.887704183,0.350915013,5.251436332,4.334836178,-0.07044948674099993,0.39347931254999996,-0.1425597134
0.117067016,0.142991682,0.761510632,4.615025438,3.525590585,-0.39491297174099993,-0.35123318845,0.2680359056
0.618218063,0.101122676,0.084106806,1.834687496,1.567710967,0.10623807525900009,-0.39310219445000005,-0.40936792040000003
0.700969131,0.072763006,0.821860059,5.810848097,4.714316854,0.18898914325900007,-0.42146186445,0.3283853326
0.706242227,0.081348781,0.084837714,2.052823074,1.683636251,0.194262239259,-0.41287608945000004,-0.4086370124
0.986639579,0.374270796,0.370642147,4.921326263,3.893396095,0.47465959125900004,-0.11995407445,-0.12283257940000003
0.812799567,0.947248577,0.986001064,9.476387375,7.513010003,0.30081957925900005,0.45302370654999996,0.4925263376
0.753378185,0.376259586,0.083500717,3.08704384,2.369051795,0.24139819725900002,-0.11796528445000004,-0.4099740094
0.777146916,0.55840425,0.424222009,5.407677927,4.376683126,0.265166928259,0.06417937955000003,-0.0692527174
0.906354385,0.111197482,0.492625104,4.706245205,3.545294356,0.39437439725900003,-0.38302738845,-0.0008496224000000274
0.011353645,0.468660642,0.056303276,1.677074756,1.418417446,-0.5006263427409999,-0.025564228450000004,-0.4371714504
0.118817916,0.117526247,0.649210302,3.77504241,3.07400349,-0.39316207174099993,-0.37669862345000005,0.15573557559999995
0.746044879,0.583368765,0.962172548,7.944543744,6.376001006,0.2340648912590001,0.08914389454999999,0.46869782159999995
0.37487058,0.285712086,0.868599128,5.867332006,4.613736043,-0.13710940774099994,-0.20851278445000004,0.37512440160000005
0.223595839,0.963222539,0.012154475,3.692541111,2.824365456,-0.28838414874099993,0.46899766854999997,-0.4813202514
0.969878827,0.043159912,0.891143114,6.649420916,5.121190078,0.4578988392590001,-0.45106495845,0.3976683876
0.527701109,0.992964796,0.073796565,4.268171994,3.61917396,0.015721121259000048,0.49873992554999996,-0.4196781614
0.553854284,0.969302536,0.523097844,6.498859601,5.293069112,0.04187429625900008,0.47507766555000003,0.029623117600000026
0.629398638,0.695748689,0.454541065,5.666935273,4.623716069,0.117418650259,0.20152381854999996,-0.038933661399999986
0.62755808,0.584314312,0.90115801,7.568575628,5.919077564,0.11557809225900006,0.09008944154999993,0.40768328359999995
0.04544638,0.28096319,0.950411484,5.740728133,4.743427509,-0.46653360774099994,-0.21326168045000005,0.45693675759999997
0.890263784,0.455656753,0.620132598,6.222665236,4.780304298,0.378283796259,-0.038568117449999995,0.12665787159999997
0.277381183,0.18812116,0.463698405,3.425072444,2.7846453,-0.23459880474099998,-0.30610371045,-0.029776321400000028
0.353352228,0.583656112,0.077734637,2.879133929,2.347650238,-0.15862775974099996,0.08943124154999998,-0.4157400894
0.974394808,0.986210744,0.698161714,8.406819719,6.640210222,0.46241482025900005,0.49198587354999995,0.20468698760000004
0.536096366,0.309527616,0.81379502,5.847820643,4.875583063,0.024116378259000038,-0.18469725445000001,0.32032029360000003
0.684731173,0.162616939,0.910927184,6.388969123,5.205299712,0.17275118525900002,-0.33160793145,0.41745245759999994
0.822537243,0.949799913,0.725719508,8.037931124,6.289501797,0.310557255259,0.45557504255,0.23224478159999995
0.613415196,0.418243036,0.932728483,7.162723059,5.746918799,0.1014352082590001,-0.07598183445000001,0.4392537566
0.86606389,0.04521867,0.026366974,2.298144562,1.268283325,0.354083902259,-0.44900620045,-0.4671077524
0.376463367,0.810553331,0.987276129,8.157715539,6.443616414,-0.13551662074099996,0.31632846055,0.49380140259999994
0.150416891,0.594130715,0.380890857,3.956327243,3.397432188,-0.36156309674099996,0.09990584455000001,-0.11258386939999998
0.969914398,0.842118923,0.838328705,8.750009239,6.85530552,0.45793441025900006,0.34789405255,0.3448539786
0.46869316,0.414819502,0.273407072,3.597148975,2.716328787,-0.043286827740999956,-0.07940536845000001,-0.22006765440000003
0.056375497,0.864722376,0.812901009,6.813432617,5.478179449,-0.45560449074099996,0.37049750555,0.31942628259999994
0.999717673,0.996636837,0.555431706,7.827189445,6.419686059,0.4877376852590001,0.50241196655,0.06195697960000002
0.768987415,0.94476573,0.849647391,8.82616333,6.730816785,0.25700742725900005,0.45054085954999995,0.35617266459999997
0.247348102,0.450544135,0.129159415,2.379036842,1.90888916,-0.26463188574099994,-0.04368073545000001,-0.3643153114
0.954051027,0.606174634,0.228642806,4.917203193,4.010827517,0.44207103925900004,0.11194976355000003,-0.26483192040000003
0.671700684,0.61812824,0.358162718,4.895961567,4.171292734,0.1597206962590001,0.12390336954999998,-0.13531200840000002
0.113557592,0.671573196,0.520307701,4.89892454,3.920157058,-0.39842239574099997,0.17734832554999996,0.026832974600000004
0.772318392,0.520163501,0.8521815,7.274166137,5.743707071,0.260338404259,0.025938630549999953,0.35870677360000003
0.551906839,0.560937972,0.876653603,7.128158924,5.946403948,0.039926851259000085,0.06671310154999993,0.38317887659999994
0.403482866,0.134015228,0.028782676,1.323415808,1.214837315,-0.10849712174099996,-0.36020964245000003,-0.4646920504
0.755137256,0.620309551,0.704079768,6.989183678,5.567693533,0.24315726825900008,0.12608468054999994,0.21060504160000004
0.212964162,0.136371476,0.014544666,0.999611523,0.637313359,-0.29901582574099994,-0.35785339445000003,-0.4789300604
0.350587559,0.589917687,0.392244045,4.307576666,3.564748802,-0.16139242874099996,0.09569281655,-0.10123068140000002
0.437474922,0.904158694,0.348255467,5.334196674,4.293594979,-0.07450506574099997,0.40993382355,-0.14521925940000002
0.513989489,0.783653013,0.396542782,5.290693943,4.349373025,0.0020095012590000128,0.28942814255,-0.09693194440000003
0.6220867,0.862363709,0.949520624,8.453017154,7.032221961,0.11010671225900004,0.36813883855,0.4560458976
0.147073481,0.926587625,0.492116293,5.512789598,4.593486161,-0.36490650674099995,0.43236275455,-0.0013584334000000253
0.258244388,0.459135756,0.980032575,6.763210643,5.347598666,-0.25373559974099996,-0.035089114450000014,0.48655784859999995
0.492618094,0.32875161,0.633400854,5.381166939,4.232059229,-0.019361893740999947,-0.16547326045,0.1399261276
0.240145619,0.075863328,0.128879722,1.395575814,1.09670885,-0.271834368741,-0.41836154245,-0.36459500440000003
0.128045839,0.151902694,0.138827173,1.268173872,1.195840762,-0.38393414874099996,-0.34232217645,-0.3546475534
0.640874745,0.181880084,0.345667283,3.499248759,2.945335547,0.12889475725900001,-0.31234478645,-0.14780744340000002
0.89678841,0.47396164,0.667557739,6.655388763,5.089159645,0.384808422259,-0.020263230450000003,0.17408301260000003
0.172319871,0.192289019,0.040868616,1.334694157,0.899094261,-0.33966011674099994,-0.30193585145,-0.4526061104
0.168935063,0.278590339,0.177010484,1.900095233,1.604774924,-0.34304492474099996,-0.21563453145,-0.31646424240000004
0.088702534,0.120635871,0.460778768,2.655214082,2.120972608,-0.42327745374099995,-0.37358899945,-0.0326959584
0.206333718,0.364269861,0.503417271,4.209659892,3.268515311,-0.30564626974099995,-0.12995500945000005,0.009942544599999992
0.690394829,0.03931214,0.799410399,5.534739489,4.582669843,0.1784148412590001,-0.45491273045,0.3059356726
0.627900389,0.081759032,0.873578624,5.782141722,4.456554886,0.11592040125900005,-0.41246583845,0.38010389759999996
0.920872401,0.06107796,0.276877648,3.46282983,2.638286032,0.40889241325900005,-0.43314691045000003,-0.21659707840000003
0.80620128,0.74825969,0.184521019,4.516211954,3.882089517,0.29422129225900007,0.25403481955,-0.3089537074
0.209349323,0.370472103,0.484522985,3.953067432,3.190604003,-0.302630664741,-0.12375276745000002,-0.00895174139999999
0.618254772,0.36891364,0.462534716,4.68870616,3.688492316,0.10627478425900005,-0.12531123045000003,-0.030940010399999995
0.747470938,0.036683203,0.252436944,2.959603221,2.092740555,0.23549095025900002,-0.45754166745,-0.2410377824
0.713349586,0.895206838,0.511677442,6.5693173,5.378029916,0.20136959825900003,0.40098196755,0.018202715599999975
0.532113485,0.107172011,0.447412367,3.631373555,2.780073326,0.020133497259000044,-0.38705285945,-0.04606235940000003
0.532617266,0.242470504,0.269243231,3.046319736,2.263082912,0.02063727825900008,-0.25175436645000004,-0.22423149539999998
0.377284163,0.020071198,0.322079166,2.450716123,2.023880123,-0.13469582474099995,-0.47415367245,-0.17139556040000004
0.211448007,0.327497352,0.119762132,1.914664097,1.7108025,-0.30053198074099996,-0.16672751845,-0.37371259440000004
0.890527281,0.593592454,0.679102319,6.916533434,5.541347429,0.37854729325900005,0.09936758355000003,0.18562759259999995
0.789171239,0.498442199,0.086920288,3.408688975,2.800450976,0.277191251259,0.004217328549999955,-0.4065544384
0.537106542,0.586841118,0.745439474,6.627047433,5.361952306,0.02512655425900001,0.09261624755000003,0.2519647476
0.431659546,0.127580303,0.283775906,2.750784642,2.123977665,-0.08032044174099995,-0.36664456745,-0.20969882039999999
0.363082296,0.645917241,0.570778305,5.494345783,4.532931522,-0.14889769174099993,0.15169237055,0.07730357860000003
0.356096726,0.986515249,0.605774819,6.704437094,5.393784268,-0.15588326174099998,0.49229037854999996,0.11230009259999996
0.237226792,0.101782473,0.152859139,1.399237556,1.3529313,-0.274753195741,-0.39244239745000004,-0.3406155874
0.245957728,0.160681373,0.186567024,1.876827032,1.548986695,-0.26602225974099997,-0.33354349745,-0.3069077024
0.285095169,0.173373595,0.896765425,5.569117785,4.467543634,-0.22688481874099997,-0.32085127545000003,0.4032906986
0.080233746,0.52451139,0.410396827,4.048065104,2.946210292,-0.43174624174099996,0.03028651955,-0.08307789939999999
0.982378617,0.112038902,0.397855599,4.178955233,3.373783162,0.470398629259,-0.38218596845,-0.0956191274
0.969470433,0.865507126,0.817072071,8.767240323,6.803066257,0.45749044525900007,0.37128225555,0.3235973446
0.257902827,0.170887587,0.66864322,4.471370393,3.424817816,-0.25407716074099995,-0.32333728345,0.17516849359999997
0.929375989,0.556762893,0.571612689,6.415167745,4.990884411,0.417396001259,0.06253802255000002,0.07813796259999994
0.279979094,0.769492933,0.187043749,3.979517778,2.985252475,-0.23200089374099997,0.27526806254999997,-0.3064309774
0.323679236,0.425436439,0.507610379,4.498930229,3.792028606,-0.18830075174099997,-0.06878843145000002,0.014135652599999937
0.242409732,0.114836825,0.610620042,3.921346071,3.226320736,-0.26957025574099996,-0.37938804545000004,0.11714531559999997
0.288630553,0.581238221,0.154362715,3.087477282,2.695528995,-0.22334943474099994,0.08701335054999998,-0.3391120114
0.481140102,0.532589433,0.051823537,2.941523074,2.138188379,-0.03083988574099994,0.038364562549999925,-0.44165118940000003
0.336604278,0.134414677,0.06337497,1.502974363,1.101568367,-0.17537570974099997,-0.35981019345,-0.4300997564
0.989960232,0.322353845,0.809874446,6.9337865,5.400971982,0.4779802442590001,-0.17187102545,0.3163997196
0.254640655,0.681502722,0.76022786,6.223004056,5.05705974,-0.25733933274099996,0.18727785154999993,0.26675313359999997
0.595638741,0.471576189,0.411840914,4.644912554,3.627949541,0.08365875325900007,-0.02264868145000004,-0.0816338124
0.348868267,0.929529144,0.830619408,7.559417148,6.293561292,-0.16311172074099994,0.43530427354999995,0.3371446816
0.965026911,0.124297223,0.730867475,5.95093041,4.642130358,0.4530469232590001,-0.36992764745,0.23739274860000004
0.938340457,0.181233066,0.066496267,2.876605262,2.233416353,0.42636046925900006,-0.31299180445,-0.4269784594
0.741120649,0.574473113,0.841828777,7.369074356,5.975590953,0.229140661259,0.08024824255000002,0.3483540506
0.139772377,0.795267312,0.20162732,3.669200951,3.2347,-0.37220761074099995,0.30104244155,-0.2918474064
0.163655943,0.164265798,0.81457472,4.898785154,3.766502868,-0.348324044741,-0.32995907245,0.32109999359999997
0.665197221,0.523065425,0.358830484,4.778586225,3.866704653,0.15321723325900005,0.028840554549999953,-0.1346442424
0.877200541,0.392445107,0.816599439,6.790044668,5.677955425,0.36522055325900005,-0.10177976345,0.3231247126
0.439134909,0.376944429,0.462679786,4.261832004,3.354444695,-0.07284507874099994,-0.11728044145,-0.030794940400000026
0.301377874,0.74760938,0.50272039,5.380314209,4.432685156,-0.21060211374099996,0.25338450954999997,0.00924566360000001
0.232212695,0.899574573,0.383891221,5.202613113,4.166434858,-0.279767292741,0.40534970254999997,-0.1095835054
0.543552861,0.906472111,0.624237996,6.87852179,5.555713927,0.031572873259000045,0.41224724055,0.13076326959999995
0.116898041,0.939832124,0.627708053,6.004177447,4.953366034,-0.39508194674099995,0.44560725355,0.13423332659999998
0.334905615,0.139272073,0.794025189,5.119724538,3.954728416,-0.17707437274099996,-0.35495279745,0.30055046259999996
0.620072756,0.533461092,0.893892583,7.246455464,6.044313406,0.10809276825900005,0.039236221550000006,0.40041785659999996
0.788597211,0.15167488,0.311722068,3.471862735,2.809039569,0.27661722325900007,-0.34254999045,-0.1817526584
0.24848914,0.743946293,0.033532435,2.834044792,2.44494218,-0.26349084774099996,0.24972142255000002,-0.4599422914
0.569889685,0.762458686,0.876765637,7.792531075,6.188953851,0.05790969725900008,0.26823381555,0.3832909106
0.342081749,0.821257305,0.110631737,3.64061963,2.930807538,-0.16989823874099996,0.32703243455000003,-0.3828429894
0.846452292,0.127488662,0.397287291,3.841250418,3.285747737,0.3344723042590001,-0.36673620845,-0.09618743540000002
0.797295366,0.149917427,0.229251395,3.280306609,2.352784577,0.285315378259,-0.34430744345000003,-0.2642233314
0.722252568,0.720036537,0.641147633,6.937840415,5.406539349,0.21027258025900009,0.22581166655,0.1476729066
0.693948444,0.542724443,0.251799059,4.340217713,3.408332752,0.18196845625900004,0.04849957254999998,-0.24167566740000002
0.345695994,0.181597717,0.908450561,5.664669377,4.617477788,-0.16628399374099995,-0.31262715345000003,0.4149758346
0.583391795,0.400851417,0.462005804,4.659217705,3.70733012,0.07141180725900009,-0.09337345345000003,-0.03146892239999999
0.94728334,0.153351403,0.586229832,5.285117917,4.188804823,0.4353033522590001,-0.34087346745,0.0927551056
0.505888679,0.611454235,0.018110184,2.996570422,2.429194918,-0.006091308740999946,0.11722936454999994,-0.47536454240000003
0.872123909,0.932118282,0.565133184,7.433102632,5.972478059,0.3601439212590001,0.43789341155,0.0716584576
0.696650824,0.922499381,0.707238634,7.623575583,6.081598845,0.18467083625900005,0.42827451054999993,0.21376390759999997
0.152539043,0.57628836,0.606715046,5.075717954,4.067974141,-0.35944094474099997,0.08206348955000003,0.11324031960000003
0.424130671,0.736444236,0.934367015,7.775157164,6.334250941,-0.08784931674099994,0.24221936554999995,0.44089228859999996
0.925568513,0.450839371,0.113238046,3.915427601,3.0578681,0.41358852525900003,-0.04338549945000003,-0.3802366804
0.984841199,0.838898086,0.124662681,5.180140717,3.935871794,0.47286121125900005,0.34467321555,-0.3688120454
0.920841883,0.869896362,0.518838057,7.124468806,5.666503948,0.4088618952590001,0.37567149154999996,0.025363330599999956
0.591275436,0.399002704,0.054761639,2.66174984,1.905643944,0.07929544825900003,-0.09522216645000003,-0.43871308740000003
0.335197242,0.802853449,0.004632023,3.243160859,2.533151066,-0.17678274574099995,0.30862857855,-0.4888427034
0.333499172,0.398168694,0.537395603,4.589458718,3.835029605,-0.17848081574099994,-0.09605617645000003,0.04392087659999999
0.919855616,0.346345994,0.346953202,4.527406434,3.538671946,0.40787562825900003,-0.14787887645000003,-0.1465215244
0.737501248,0.452217941,0.224604823,4.095017431,3.051783712,0.2255212602590001,-0.04200692945000001,-0.2688699034
0.452439516,0.14085702,0.176386987,2.279175353,1.812752749,-0.05954047174099997,-0.35336785045,-0.3170877394
0.498367773,0.41892545,0.914845901,6.783436997,5.299968736,-0.01361221474099994,-0.07529942045000004,0.42137117459999995
0.362393899,0.58058835,0.632264288,5.579924992,4.460843373,-0.14958608874099993,0.08636347954999996,0.1387895616
0.013094457,0.663537372,0.178035967,2.936638418,2.450273096,-0.49888553074099995,0.16931250154999994,-0.3154387594
0.961070317,0.148662728,0.414624124,4.487567916,3.408330206,0.44909032925900005,-0.34556214245000005,-0.07885060240000002
0.085349668,0.996874252,0.50219501,5.69202637,4.605393174,-0.42663031974099996,0.5026493815499999,0.00872028359999999
0.595385017,0.067076477,0.74996047,5.172932686,4.135029172,0.08340502925900006,-0.42714839345,0.2564857436
0.209905593,0.898054289,0.20513964,4.309667994,3.422707284,-0.30207439474099995,0.40382941854999993,-0.2883350864
0.190687721,0.036549668,0.472066945,2.958513486,2.292355371,-0.321292266741,-0.45767520245000004,-0.021407781399999992
0.564841133,0.065708639,0.775527617,5.223509827,4.079731537,0.0528611452590001,-0.42851623145,0.28205289059999994
0.453288835,0.524390269,0.440762747,4.77769327,3.790966025,-0.05869115274099995,0.030165398549999944,-0.0527119794
0.400763061,0.559640331,0.155240246,3.153395955,2.608833135,-0.11121692674099998,0.06541546054999997,-0.33823448040000004
0.18192813,0.861785621,0.946115462,7.71958314,6.257598658,-0.330051857741,0.36756075055,0.45264073559999995
0.373309316,0.270744673,0.643999543,4.959781003,3.763130628,-0.13867067174099995,-0.22348019745000003,0.15052481659999994
0.408734171,0.025386356,0.156152597,1.652585806,1.282920638,-0.10324581674099997,-0.46883851445,-0.3373221294
0.715972229,0.658923942,0.027095993,3.459432853,2.730656389,0.20399224125900006,0.16469907155000002,-0.4663787334
0.221972162,0.231074797,0.671892744,4.431423543,3.594715448,-0.2900078257409999,-0.26315007345,0.17841801759999998
0.019710538,0.104108582,0.799916085,4.242363945,3.408401517,-0.49226944974099995,-0.39011628845,0.3064413586
0.178544662,0.652746108,0.238182781,3.427765362,2.741008742,-0.333435325741,0.15852123754999997,-0.2552919454
0.099441393,0.243172191,0.722266932,4.502683208,3.672026409,-0.41253859474099996,-0.25105267945,0.22879220560000002
0.855696468,0.830219865,0.39718353,6.047413476,4.96910246,0.34371648025900003,0.33599499455,-0.0962911964
0.668085137,0.204984295,0.29314773,3.418423644,2.765466738,0.1561051492590001,-0.28924057545000004,-0.2003269964
0.896335819,0.013001924,0.085508531,2.349447779,1.675930103,0.3843558312590001,-0.48122294645,-0.4079661954
0.207886255,0.026532204,0.181435435,1.311770679,1.144706917,-0.30409373274099993,-0.46769266645,-0.3120392914
0.583041561,0.421424551,0.892671711,7.045643721,5.553890319,0.07106157325900009,-0.07280031945000004,0.39919698459999997
0.817443562,0.341817352,0.259423433,4.008535555,3.162879836,0.30546357425900006,-0.15240751845,-0.23405129340000003
0.379692408,0.590294943,0.268063641,3.973645907,3.034965164,-0.13228757974099997,0.09607007254999994,-0.2254110854
0.624148908,0.409411652,0.552047181,5.170985221,4.182877564,0.11216892025900005,-0.08481321845,0.058572454600000046
0.436126529,0.29446576,0.948453307,6.583369394,5.22058145,-0.07585345874099997,-0.19975911045,0.45497858059999996
0.763605794,0.140113176,0.868467976,6.180697605,4.970281381,0.251625806259,-0.35411169445,0.3749932496
0.487431198,0.894552227,0.799855256,7.746820107,5.958300623,-0.024548789740999943,0.40032735655,0.30638052959999995
0.425213504,0.022469308,0.268677359,2.278405665,1.784751927,-0.08676648374099993,-0.47175556245,-0.2247973674
0.541634215,0.63347822,0.257887685,4.328466638,3.648950717,0.02965422725900002,0.13925334954999996,-0.23558704140000003
0.139356074,0.834930237,0.984402181,7.587954301,6.197964499,-0.37262391374099996,0.34070536655,0.4909274546
0.525690182,0.171679286,0.272307327,2.838447871,2.234155084,0.013710194258999997,-0.32254558445000003,-0.22116739940000002
0.018390677,0.914298807,0.117751083,3.428156009,2.821672219,-0.49358931074099993,0.42007393654999997,-0.3757236434
0.576516476,0.274055221,0.554178003,4.651253825,3.797862596,0.06453648825900005,-0.22016964945,0.06070327659999997
0.651420388,0.829741804,0.206421272,4.870493176,3.996443695,0.13944040025900006,0.33551693354999995,-0.2870534544
0.010995829,0.13688563,0.900018642,4.796027976,3.83299557,-0.500984158741,-0.35733924045,0.4065439156
0.873890078,0.597413102,0.60051686,6.627421185,5.279573339,0.361910090259,0.10318823154999995,0.10704213360000003
0.665036675,0.175371279,0.914411946,6.304994583,5.152673198,0.153056687259,-0.31885359145000003,0.42093721959999997
0.418770525,0.383138528,0.518917705,4.636775155,3.647458275,-0.09320946274099995,-0.11108634245000004,0.0254429786
0.046965967,0.166283369,0.738033616,4.345513215,3.47216057,-0.46501402074099996,-0.32794150145,0.24455888959999994
0.082798668,0.603152109,0.24534911,3.132122031,2.716420462,-0.42918131974099993,0.10892723855000003,-0.2481256164
0.389295614,0.288693737,0.355672716,3.481238677,2.815600167,-0.12268437374099994,-0.20553113345000001,-0.1378020104
0.719045905,0.297121716,0.56640464,5.187524385,3.972689777,0.20706591725900003,-0.19710315445000004,0.07292991360000001
0.476050402,0.663671165,0.936829739,7.573378811,6.202588293,-0.03592958574099997,0.16944629455,0.4433550126
0.732572097,0.214940379,0.031183135,2.165025537,1.754472772,0.22059210925900008,-0.27928449145,-0.4622915914
0.262264044,0.595077931,0.051425813,2.370628379,2.094081557,-0.24971594374099998,0.10085306054999993,-0.4420489134
0.496366247,0.596842849,0.334243891,4.4894455,3.580951755,-0.01561374074099997,0.10261797854999993,-0.1592308354
0.770912204,0.106598253,0.075137782,2.080827798,1.708390767,0.2589322162590001,-0.38762661745000004,-0.4183369444
0.728188756,0.495491316,0.688402396,6.394397863,5.20379176,0.21620876825900004,0.001266445549999995,0.19492766959999996
0.434827339,0.246402033,0.819102318,5.678027544,4.536283566,-0.07715264874099997,-0.24782283745000003,0.3256275916
0.799415879,0.694696471,0.272145137,5.111561134,3.912490932,0.28743589125900004,0.20047160054999996,-0.22132958940000003
0.590230667,0.360973897,0.091582073,2.691088841,2.11475605,0.07825067925900009,-0.13325097345000003,-0.4018926534
0.917313575,0.136818631,0.950237354,6.963325034,5.536835827,0.40533358725900004,-0.35740623945000005,0.45676262759999997
0.446005773,0.185132929,0.541900947,4.23010214,3.422366249,-0.06597421474099996,-0.30909194145,0.048426220600000014
0.872945836,0.732224886,0.806561148,8.008877873,6.42653503,0.360965848259,0.23800001555,0.3130864216
0.658783367,0.692276565,0.849195652,7.671990281,6.03059554,0.146803379259,0.19805169455,0.3557209256
0.249668009,0.489424964,0.221209442,3.120584877,2.731421181,-0.262311978741,-0.004799906450000002,-0.2722652844
0.987668008,0.94405934,0.039426811,4.85109088,4.025835138,0.47568802025900003,0.44983446955,-0.4540479154
0.705575173,0.925248317,0.180575345,5.165450891,4.221324007,0.1935951852590001,0.43102344654999997,-0.3128993814
0.567945231,0.915488298,0.033945979,4.113332126,3.261251061,0.0559652432590001,0.42126342754999996,-0.4595287474
0.697420267,0.297349007,0.924396195,6.807200221,5.540423625,0.18544027925900008,-0.19687586345000002,0.4309214686
0.971058245,0.944266489,0.474214217,7.121578994,5.798057308,0.4590782572590001,0.45004161854999997,-0.019260509400000014
0.862042651,0.844549399,0.319100473,5.849305135,4.802658837,0.35006266325900004,0.35032452855,-0.1743742534
0.828915474,0.037007635,0.596269878,4.736753566,3.826708642,0.31693548625900003,-0.45721723545000004,0.10279515159999997
0.230008837,0.120566886,0.076953202,1.239870337,1.041462977,-0.281971150741,-0.37365798445000004,-0.4165215244
0.696288776,0.339874964,0.724766772,6.179172979,4.761678986,0.1843087882590001,-0.15434990645000002,0.23129204559999994
0.065356341,0.315290338,0.539491292,3.88221683,2.987050921,-0.44662364674099997,-0.17893453245000002,0.0460165656
0.790723165,0.318752503,0.625891376,5.535938801,4.519792261,0.278743177259,-0.17547236745,0.1324166496
0.885977748,0.615863188,0.232959475,4.846549434,3.893775299,0.373997760259,0.12163831754999993,-0.2605152514
0.024400782,0.870098874,0.021269411,2.898338571,2.27465393,-0.48757920574099994,0.37587400354999995,-0.4722053154
0.874701673,0.528937134,0.939067699,8.070234092,6.497183335,0.36272168525900006,0.034712263549999955,0.44559297259999997
0.798783236,0.997934111,0.350711815,6.454025923,5.241119066,0.28680324825900005,0.5037092405499999,-0.14276291140000003
0.767188289,0.401930914,0.47987562,5.340774465,3.983480107,0.25520830125900007,-0.09229395645000005,-0.013599106400000005
0.627505463,0.873677114,0.984083469,8.89883057,6.978092787,0.11552547525900003,0.37945224355,0.4906087426
0.768273414,0.417766782,0.421357002,4.921563045,3.868217579,0.2562934262590001,-0.07645808845000002,-0.07211772440000003
0.737582302,0.238777146,0.110474113,2.848375454,2.175974036,0.22560231425900001,-0.25544772445,-0.3830006134
0.354622158,0.287238992,0.29630812,3.066990676,2.382806496,-0.15735782974099993,-0.20698587845,-0.1971666064
0.233607751,0.04209319,0.017873935,0.685255049,0.662360607,-0.278372236741,-0.45213168045,-0.4756007914
0.98772239,0.427773134,0.384326647,5.145255993,4.130729694,0.475742402259,-0.06645173645000002,-0.10914807939999999
0.679647283,0.218253888,0.949961184,6.920203485,5.368895084,0.16766729525900004,-0.27597098245,0.45648645759999995
0.786345014,0.089411002,0.417580776,3.846984048,2.929777178,0.27436502625900006,-0.40481386845,-0.07589395040000002
0.879118308,0.944732022,0.467401511,7.082677011,5.41853198,0.36713832025900006,0.45050715154999993,-0.026073215400000016
0.613411389,0.167033946,0.991168626,6.73375416,5.330477379,0.10143140125900008,-0.32719092445000003,0.4976938996
0.231671701,0.942731774,0.649646649,6.399841353,5.089664021,-0.28030828674099995,0.44850690354999995,0.1561719226
0.607736795,0.512688511,0.230669812,3.943653111,3.217269458,0.09575680725900004,0.018463640549999993,-0.2628049144
0.176528032,0.220486209,0.186438262,1.736703351,1.545945235,-0.33545195574099995,-0.27373866145000003,-0.3070364644
0.779584474,0.350125259,0.057842677,2.961308909,2.600369861,0.267604486259,-0.14409961145,-0.4356320494
0.96910263,0.883785885,0.927752283,9.316847479,7.604919415,0.457122642259,0.38956101455,0.4342775566
0.994907823,0.173895249,0.396242019,4.433475892,3.493923026,0.48292783525900007,-0.32032962145,-0.0972327074
0.758238476,0.696020618,0.153895906,4.386373107,3.482359184,0.2462584882590001,0.20179574755000002,-0.3395788204
0.815833125,0.224440572,0.223817615,3.619491783,2.779679728,0.3038531372590001,-0.26978429845,-0.26965711140000004
0.536974423,0.592939935,0.580086208,5.702625019,4.778473564,0.024994435259000025,0.09871506454999995,0.08661148159999998
0.091486837,0.877460863,0.265600043,4.037465717,3.229479677,-0.42049315074099997,0.38323599255,-0.2278746834
0.129514921,0.88874808,0.955651498,7.851697914,6.060111028,-0.38246506674099995,0.39452320955000003,0.46217677160000004
0.862127617,0.809516075,0.655241981,7.625272081,5.875746055,0.350147629259,0.31529120455,0.16176725459999997
0.550857371,0.08698676,0.408453213,3.405310653,2.735839566,0.03887738325900003,-0.40723811045,-0.08502151340000003
0.372688517,0.259753784,0.723420114,5.242885257,4.151785049,-0.13929147074099996,-0.23447108645000003,0.22994538759999994
0.495875735,0.081046216,0.220183202,2.469953719,1.934139096,-0.01610425274099997,-0.41317865445,-0.27329152440000004
0.683258764,0.076130859,0.851206914,5.776696253,4.500073198,0.171278776259,-0.41809401145,0.35773218760000003
0.495146527,0.480586577,0.592407785,5.345561126,4.082202986,-0.01683346074099995,-0.013638293450000005,0.09893305860000001
0.824680966,0.347809208,0.678016153,6.20595777,4.904410498,0.312700978259,-0.14641566245000004,0.18454142659999995
0.565731964,0.26702827,0.878629986,6.494200098,4.94786894,0.05375197625900008,-0.22719660045,0.38515525959999997
0.797426022,0.658451835,0.850581729,7.879404279,6.042746749,0.28544603425900006,0.16422696455000002,0.35710700259999995
0.867294201,0.708362977,0.837013328,7.956762539,6.434408431,0.35531421325900003,0.21413810654999993,0.34353860159999994
0.697471462,0.680140772,0.618611378,6.727128241,5.300322204,0.18549147425900003,0.18591590154999998,0.12513665159999998
0.75271664,0.158605105,0.880870759,6.332505301,5.036865046,0.2407366522590001,-0.33561976545000005,0.3873960326
0.871843528,0.029247283,0.825816751,5.926998879,4.638365663,0.359863540259,-0.46497758745,0.33234202459999995
0.128869867,0.335118854,0.743508256,5.014871363,3.989198739,-0.3831101207409999,-0.15910601645,0.2500335296
0.160759896,0.817967024,0.832134178,7.091507796,5.57753584,-0.35122009174099994,0.32374215354999997,0.3386594516
0.507467734,0.006385872,0.287038133,2.554681346,1.790514101,-0.00451225374099995,-0.48783899845,-0.20643659340000003
0.616926918,0.981186178,0.631813527,7.377966556,5.834141863,0.10494693025900004,0.48696130754999994,0.13833880060000003
0.259803581,0.634005703,0.53998538,5.167880023,4.186789139,-0.25217640674099995,0.13978083255,0.04651065359999995
0.779845395,0.106980639,0.761027903,5.690123686,4.513499154,0.2678654072590001,-0.38724423145000003,0.2675531766
0.541266579,0.962992004,0.341872166,5.736683951,4.603674522,0.029286591259000017,0.46876713354999994,-0.15160256040000003
0.632621893,0.932028106,0.102509728,4.320920735,3.589527167,0.12064190525900009,0.43780323554999995,-0.3909649984
0.937228487,0.687885722,0.067837059,4.247638691,3.378754957,0.4252484992590001,0.19366085154999996,-0.4256376674
0.300963567,0.708172089,0.067350601,3.087328601,2.273571473,-0.21101642074099997,0.21394721854999993,-0.4261241254
0.58217046,0.345883057,0.620915518,5.191466272,4.23947307,0.07019047225899999,-0.14834181345000003,0.1274407916
0.045742034,0.871536806,0.973488969,7.612171664,6.284296714,-0.46623795374099997,0.37731193555000003,0.48001424260000003
0.968877855,0.749651832,0.13008624,4.816695284,3.70037811,0.45689786725900006,0.25542696154999994,-0.3633884864
0.758263196,0.024586916,0.022123552,1.876452469,1.228763524,0.24628320825900007,-0.46963795445,-0.4713511744
0.323610219,0.48864319,0.770407418,6.122489071,4.821563654,-0.18836976874099998,-0.005581680450000015,0.2769326916
0.683295377,0.445902706,0.273626666,4.025851647,3.359490759,0.17131538925900003,-0.04832216445000004,-0.2198480604
0.9971245,0.426181302,0.451387024,5.514644258,4.321865642,0.485144512259,-0.06804356845000004,-0.04208770239999998
0.163623821,0.794809549,0.693682226,6.172692661,4.937963474,-0.34835616674099995,0.30058467855,0.20020749959999995
0.220769613,0.082381046,0.680499302,4.046012925,3.062211927,-0.291210374741,-0.41184382445,0.18702457559999996
0.654511214,0.273259527,0.950863562,6.902621319,5.478713701,0.14253122625900005,-0.22096534345000002,0.4573888356
0.151057892,0.432334801,0.94361592,6.241371581,5.286095125,-0.360922095741,-0.06189006945000003,0.45014119360000004
0.419727317,0.638525948,0.397594398,4.629942933,3.844019283,-0.09225267074099996,0.14430107754999993,-0.09588032839999999
0.274215202,0.983977648,0.409334006,5.609304503,4.506375051,-0.23776478574099996,0.48975277754999996,-0.08414072040000004
0.894099204,0.229954606,0.213104704,3.606538704,2.800662367,0.382119216259,-0.26427026445,-0.2803700224
0.031134083,0.651666825,0.368526344,3.779468785,3.148864362,-0.480845904741,0.15744195454999993,-0.1249483824
0.86435825,0.473209907,0.968193428,8.078848902,6.271034416,0.35237826225900004,-0.021014963450000035,0.47471870159999996
0.185525516,0.868623168,0.776596853,6.796747026,5.638561596,-0.32645447174099995,0.3743982975499999,0.2831221266
0.770921845,0.844783228,0.761023991,7.906629852,6.335012953,0.2589418572590001,0.35055835755000003,0.26754926459999995
0.626220322,0.131244878,0.032526179,1.890840575,1.39930872,0.11424033425900004,-0.36297999245,-0.4609485474
0.920847848,0.616650315,0.796537291,7.670971838,6.011510119,0.408867860259,0.12242544454999998,0.30306256460000003
0.481522352,0.117308189,0.125185792,1.986372322,1.646647962,-0.030457635740999967,-0.37691668145,-0.3682889344
0.685565287,0.430305895,0.200524727,3.613028928,2.972681849,0.17358529925900001,-0.06391897545000003,-0.2929499994
0.491594547,0.064208937,0.581971402,4.066026256,3.170507687,-0.02038544074099996,-0.43001593345,0.08849667559999996
0.268993404,0.797559101,0.310361959,4.461887962,3.739018179,-0.24298658374099996,0.30333423055000003,-0.1831127674
0.455220149,0.01162054,0.072446888,1.232878522,0.951912041,-0.056759838740999935,-0.48260433045,-0.4210278384
0.392493556,0.479938835,0.600020548,5.207228941,4.110469265,-0.11948643174099993,-0.014286035450000012,0.10654582160000003
0.291662579,0.694981886,0.860122397,6.814020972,5.53946786,-0.22031740874099998,0.20075701554999997,0.36664767060000003
0.779850989,0.039618825,0.480506947,4.031977815,3.01374448,0.2678710012590001,-0.45460604545,-0.01296777939999999
0.104930178,0.242045016,0.986662593,5.840820821,4.756312418,-0.40704980974099997,-0.25217985445,0.4931878666
0.142495543,0.498888153,0.618155734,4.846816242,3.750472147,-0.36948444474099995,0.004663282549999981,0.1246810076
0.702464971,0.559648683,0.009770847,3.108580484,2.369058171,0.1904849832590001,0.06542381255000002,-0.48370387940000004
0.326461308,0.517711643,0.087866499,2.639213622,1.927878266,-0.18551867974099995,0.023486772550000035,-0.4056082274
0.350626931,0.033203109,0.078578497,1.241699826,0.914655188,-0.16135305674099998,-0.46102176145,-0.41489622940000004
0.396923276,0.132715754,0.567540848,4.117149763,3.182305646,-0.11505671174099996,-0.36150911645000006,0.07406612160000003
0.689464969,0.800586699,0.200150244,4.716464734,3.803595557,0.17748498125900003,0.30636182855,-0.2933244824
0.167482582,0.10456784,0.63643025,3.710499848,2.954106703,-0.34449740574099996,-0.38965703045,0.14295552359999997
0.706475726,0.031586145,0.936212246,6.084566677,4.766304561,0.19449573825900002,-0.46263872545,0.44273751959999996
0.051971284,0.541296335,0.709060519,5.224413878,4.313876828,-0.46000870374099995,0.04707146454999994,0.2155857926
0.870969124,0.714086932,0.801728083,7.857647327,6.243528155,0.3589891362590001,0.21986206154999993,0.3082533566
0.339450193,0.814825114,0.080114846,3.446950352,2.898333291,-0.17252979474099994,0.32060024355,-0.4133598804
0.894816656,0.547592376,0.81729777,7.389287624,5.891872136,0.3828366682590001,0.05336750554999997,0.3238230436
0.452318285,0.643577695,0.526402661,5.421770877,4.411138583,-0.05966170274099997,0.14935282454999993,0.032927934599999986
0.731589522,0.081629982,0.060352084,2.027972072,1.673195377,0.2196095342590001,-0.41259488845000003,-0.4331226424
0.247103234,0.15954468,0.871783567,5.391261288,4.315267398,-0.26487675374099995,-0.33468019045,0.37830884060000003
0.219213987,0.975865256,0.336895792,4.994760396,4.074825906,-0.29276600074099995,0.48164038554999994,-0.15657893439999998
0.182117916,0.789698507,0.658707776,5.985570448,4.90797414,-0.32986207174099996,0.29547363655,0.16523304959999996
0.498195716,0.555363551,0.719201778,6.165821146,4.988443048,-0.013784271740999943,0.06113868054999999,0.22572705159999995
0.228454741,0.996333916,0.974793162,8.316733125,6.733477569,-0.283525246741,0.5021090455499999,0.4813184356
0.650325686,0.199542451,0.680228242,5.215577074,4.162696521,0.138345698259,-0.29468241945,0.18675351559999998
0.072198409,0.030652502,0.257682889,1.582081548,1.199226902,-0.43978157874099993,-0.46357236845,-0.23579183739999998
0.462622957,0.868272505,0.72716907,6.987322129,5.794501313,-0.04935703074099995,0.37404763454999995,0.23369434359999997
0.742706521,0.425493334,0.345934993,4.455605041,3.462197218,0.23072653325900006,-0.06873153645000002,-0.14753973339999998
0.371038763,0.987649564,0.040109191,3.935682908,3.084530937,-0.14094122474099996,0.49342469355,-0.4533655354
0.867031496,0.578675409,0.438615419,5.681549766,4.362843187,0.355051508259,0.08445053855000001,-0.0548593074
0.72525766,0.486668941,0.873423238,7.546941702,5.638224686,0.21327767225900007,-0.0075559294499999985,0.3799485116
0.900701864,0.421720927,0.276827797,4.485685497,3.390938033,0.388721876259,-0.07250394345,-0.21664692940000002
0.592350329,0.912363346,0.210662189,4.874696179,4.028028864,0.080370341259,0.41813847555,-0.2828125374
0.622966584,0.63156022,0.733113022,6.796632515,5.356523764,0.11098659625900009,0.13733534954999999,0.23963829559999994
0.131567685,0.715824965,0.909032521,6.778148234,5.674405468,-0.38041230274099996,0.22160009455000002,0.4155577946
0.179683109,0.237543325,0.971395094,5.920911688,4.752434727,-0.33229687874099995,-0.25668154545,0.4779203676
0.180976953,0.854385093,0.492277856,5.303192862,4.179689167,-0.33100303474099996,0.36016022254999996,-0.0011968703999999941
0.247231074,0.870749901,0.445305255,5.424777155,4.394439943,-0.26474891374099996,0.37652503055000003,-0.0481694714
0.514817354,0.359233369,0.592950851,5.017135046,4.123192725,0.002837366258999996,-0.13499150145,0.0994761246
0.163523873,0.391081537,0.969412322,6.335677375,5.001252672,-0.34845611474099997,-0.10314333345000004,0.47593759560000004
0.258133433,0.656736665,0.325190064,4.048871396,3.371821222,-0.25384655474099993,0.16251179455000003,-0.1682846624
0.773473126,0.130873661,0.969821045,6.962557594,5.281028197,0.261493138259,-0.36335120945,0.4763463186
0.453789541,0.236050463,0.073496747,1.951089933,1.574564497,-0.058190446740999935,-0.25817440745000003,-0.41997797940000003
0.169757905,0.519773949,0.337003176,3.767109242,2.775634594,-0.34222208274099997,0.025549078549999937,-0.1564715504
0.828883366,0.430887524,0.248714273,4.275415842,3.136090303,0.31690337825900006,-0.06333734645,-0.2447604534
0.617144987,0.706777217,0.167041908,4.238037836,3.322546435,0.10516499925900002,0.21255234654999994,-0.32643281840000005
0.167619216,0.036671427,0.736402015,4.164136103,3.276342557,-0.344360771741,-0.45755344345000004,0.2429272886
0.663804528,0.474630876,0.844170449,7.011733657,5.519197807,0.15182454025900005,-0.01959399445000004,0.35069572260000004
0.805670153,0.585354364,0.868271281,7.515992544,6.026573207,0.29369016525900005,0.09112949354999994,0.37479655459999994
0.20584121,0.111919619,0.269749612,2.068300996,1.627569403,-0.30613877774099996,-0.38230525145000005,-0.22372511439999998
0.057086856,0.531169528,0.936605692,6.475226555,5.186906349,-0.45489313174099993,0.036944657549999926,0.4431309656
0.039343541,0.122109914,0.452199028,2.701122246,2.168596906,-0.47263644674099997,-0.37211495645000003,-0.041275698400000005
0.933875018,0.316156105,0.507234809,5.211873409,4.238392127,0.421895030259,-0.17806876545,0.013760082599999945
0.041572859,0.148343201,0.986630123,5.456085491,4.312726263,-0.47040712874099994,-0.34588166945,0.49315539659999996
0.965118696,0.004939981,0.951811785,6.874526814,5.38444693,0.45313870825900004,-0.48928488945000004,0.45833705859999996
0.639119938,0.867918295,0.454739856,6.280383209,4.829817732,0.12713995025900005,0.37369342454999993,-0.03873487040000001
0.515596029,0.48884658,0.666864258,5.825852685,4.711723553,0.003616041259000058,-0.005378290450000045,0.17338953160000004
0.139651255,0.02997359,0.307929942,2.004017915,1.634319732,-0.372328732741,-0.46425128045,-0.1855447844
0.704680763,0.201853452,0.673432433,5.345433346,4.303475317,0.1927007752590001,-0.29237141845000003,0.1799577066
0.969912046,0.093900716,0.672602118,5.414149672,4.359775909,0.4579320582590001,-0.40032415445,0.17912739160000002
0.443750219,0.868142254,0.177149789,4.28522955,3.491750418,-0.06822976874099995,0.37391738355,-0.3163249374
0.692625952,0.83811529,0.944614219,8.778957748,7.016292795,0.18064596425900004,0.34389041954999994,0.45113949259999997
0.683248028,0.497174764,0.61784724,5.919857241,4.596900421,0.171268040259,0.0029498935499999712,0.12437251360000001
0.868904984,0.570609747,0.03038706,3.577236109,2.754417656,0.3569249962590001,0.07638487654999998,-0.4630876664
0.930948696,0.689526751,0.676513386,7.283060753,5.786537687,0.418968708259,0.19530188055000003,0.1830386596
0.215675152,0.65888547,0.393864406,4.567742403,3.669949403,-0.29630483574099997,0.16466059954999995,-0.09961032040000001
0.651232977,0.10659303,0.657845305,5.07406746,3.912690023,0.1392529892590001,-0.38763184045,0.16437057860000004
0.999413726,0.048212039,0.977174184,7.251212513,5.431542847,0.48743373825900005,-0.44601283145000004,0.4836994576
0.406907961,0.87075345,0.782385484,7.322099172,5.885756733,-0.10507202674099997,0.37652857955,0.28891075759999996
0.567016261,0.738449209,0.878515561,7.771520405,6.149277345,0.05503627325900007,0.24422433854999998,0.38504083459999994
0.404140322,0.327033162,0.667593386,4.975682801,4.023188029,-0.10783966574099996,-0.16719170845000003,0.17411865959999995
0.807845942,0.762285135,0.797813649,8.039308975,6.406625301,0.2958659542590001,0.2680602645499999,0.30433892259999995
0.435583315,0.817834216,0.120209055,3.8089366,3.041622421,-0.07639667274099993,0.3236093455499999,-0.3732656714
0.544489098,0.00575866,0.32458583,2.750860883,2.290351703,0.03250911025900005,-0.48846621045,-0.1688888964
0.366461535,0.396172692,0.695467207,5.289046925,4.404815827,-0.14551845274099995,-0.09805217845000003,0.20199248059999997
0.388558101,0.448693623,0.237544131,3.252031042,2.763833899,-0.12342188674099996,-0.045531247450000034,-0.2559305954
0.373251792,0.227269627,0.073195924,1.710565841,1.374541499,-0.13872819574099993,-0.26695524345,-0.42027880240000004
0.603448593,0.668212799,0.619490346,6.248199786,5.038672199,0.09146860525900002,0.17398792854999995,0.12601561959999996
0.463494044,0.37978578,0.86333365,6.329101406,4.954724933,-0.04848594374099996,-0.11443909045,0.36985892359999994
0.519081785,0.479181878,0.025642066,2.549092653,2.026679394,0.007101797259000064,-0.015042992450000015,-0.4678326604
0.341247828,0.380195619,0.398822781,3.900529807,3.107017397,-0.17073215974099998,-0.11402925145000004,-0.09465194539999999
0.580172369,0.533602547,0.607905093,5.690191563,4.765491598,0.06819238125900007,0.03937767654999996,0.11443036659999994
0.764883262,0.812985739,0.718123076,7.581393263,5.941565862,0.25290327425900005,0.31876086855,0.22464834960000002
0.955523696,0.018232583,0.195777986,3.066430984,2.22542835,0.443543708259,-0.47599228745,-0.29769674040000005
0.007562875,0.647474714,0.898030549,6.396383001,5.207023372,-0.504417112741,0.15324984355,0.4045558226
0.243482297,0.927034545,0.06026739,3.49761329,2.784300448,-0.26849769074099994,0.43280967455,-0.43320733640000003
0.934436027,0.351622687,0.101420828,3.407791795,2.745528996,0.422456039259,-0.14260218345000003,-0.3920538984
0.485871759,0.256776568,0.284872902,3.284410252,2.437841633,-0.02610822874099994,-0.23744830245000004,-0.20860182440000002
0.307289965,0.803025898,0.539161277,5.73887477,4.605605764,-0.20469002274099996,0.30880102755,0.04568655060000004
0.311307699,0.610333783,0.716150674,5.98124869,4.812203767,-0.20067228874099996,0.11610891254999994,0.22267594759999998
0.272624001,0.413549102,0.121886093,2.443713438,1.851419278,-0.23935598674099995,-0.08067576845000002,-0.37158863340000003
0.18114935,0.681117854,0.181438348,3.202614784,2.699567551,-0.33083063774099997,0.18689298355,-0.3120363784
0.525163384,0.709046262,0.106876923,3.779986119,2.966307464,0.013183396259000002,0.21482139154999996,-0.3865978034
0.56731222,0.256562784,0.962926875,6.759807897,5.306897001,0.05533223225900008,-0.23766208645000003,0.46945214859999995
0.483545647,0.80599255,0.550226542,6.105420806,4.868359851,-0.02843434074099993,0.31176767955,0.05675181559999998
0.043412533,0.633151376,0.951403342,6.659437324,5.485563074,-0.4685674547409999,0.13892650555000002,0.4579286156
0.60161182,0.819188859,0.884206463,7.993154443,6.652577459,0.08963183225900007,0.32496398855,0.39073173660000005
0.228079772,0.21204484,0.610980989,4.200680742,3.330144436,-0.283900215741,-0.28218003045,0.11750626259999997
0.41102847,0.839861303,0.900023123,7.964654515,6.415900277,-0.10095151774099997,0.34563643254999993,0.4065483966
0.353421379,0.236870559,0.780525515,5.256351237,4.105388335,-0.15855860874099997,-0.25735431145,0.2870507886
0.274806036,0.822614319,0.423738254,5.181984965,4.179474008,-0.23717395174099998,0.32838944855,-0.06973647240000003
0.667549899,0.095535314,0.623859325,4.532299662,3.6258636,0.155569911259,-0.39868955645000004,0.13038459859999996
0.451767679,0.586608463,0.168014208,3.444970013,2.668537014,-0.060212308740999976,0.09238359255,-0.3254605184
0.736873745,0.862797078,0.2167398,5.14273183,4.055325371,0.22489375725900007,0.36857220755000003,-0.27673492639999997
0.095714556,0.023638586,0.6419715,3.38123403,2.889744234,-0.41626543174099995,-0.47058628445,0.14849677360000002
0.607094036,0.546697413,0.231947096,3.920365153,3.300174553,0.09511404825900005,0.052472542549999945,-0.26152763040000004
0.390905996,0.594476335,0.496766859,4.982297336,4.083917739,-0.12107399174099998,0.10025146454999995,0.0032921325999999973
0.98778552,0.136439753,0.695144554,5.889832341,4.450085822,0.475805532259,-0.35778511745,0.20166982759999996
0.404318768,0.428199615,0.717597766,5.662492307,4.527740187,-0.10766121974099996,-0.06602525545000004,0.22412303960000002
0.692436151,0.991255994,0.128394289,4.776788608,4.06054137,0.18045616325900005,0.49703112354999995,-0.3650804374
0.104109649,0.724338817,0.578386917,5.06110032,4.298112808,-0.407870338741,0.23011394655,0.08491219059999999
0.274160667,0.079419369,0.08565825,1.15418417,0.768043062,-0.23781932074099993,-0.41480550145,-0.4078164764
0.894190875,0.191867325,0.323371562,4.026610193,3.025409087,0.3822108872590001,-0.30235754545000004,-0.1701031644
0.226656402,0.354996306,0.069423843,1.590670451,1.498762962,-0.2853235857409999,-0.13922856445000004,-0.4240508834
0.519059791,0.067612564,0.800356508,5.192766794,4.202676218,0.007079803259000039,-0.42661230645000003,0.3068817816
0.233712082,0.540011915,0.880079088,6.43523056,5.001301478,-0.27826790574099997,0.04578704454999999,0.3866043616
0.650877369,0.532957787,0.324333753,4.661130641,3.589833135,0.13889738125900009,0.03873291654999994,-0.1691409734
0.333001913,0.669486955,0.994139361,7.606659317,6.164082579,-0.17897807474099997,0.17526208454999997,0.5006646346
0.66183919,0.557783417,0.73065051,6.688580081,5.394780568,0.14985920225900007,0.06355854654999998,0.23717578360000002
0.465205612,0.060142343,0.562296816,3.936448046,3.166637297,-0.04677437574099996,-0.43408252745000003,0.06882208960000002
0.957625285,0.175302942,0.690004891,5.678127202,4.692971978,0.44564529725900004,-0.31892192845,0.19653016459999995
0.200933689,0.535827684,0.09667645,2.569553401,1.947681492,-0.311046298741,0.041602813550000006,-0.3967982764
0.450370936,0.756163329,0.347571524,4.928629131,3.76545061,-0.061609051740999954,0.26193845855000003,-0.1459032024
0.664911724,0.795449961,0.927177819,8.402889293,6.655398491,0.15293173625900003,0.30122509054999996,0.43370309259999995
0.234642082,0.399315916,0.152416013,2.821935748,2.060080148,-0.2773379057409999,-0.09490895445000003,-0.34105871340000005
0.992483502,0.927000968,0.53995713,7.257344266,6.105401647,0.48050351425900006,0.43277609754999996,0.0464824036
0.842033294,0.520957977,0.623585688,6.537338626,5.130842547,0.3300533062590001,0.026733106549999996,0.13011096160000002
0.089124432,0.75527042,0.127713484,3.053882792,2.575650716,-0.422855555741,0.26104554955,-0.3657612424
0.82606763,0.782028088,0.708744698,7.570675903,6.06711442,0.3140876422590001,0.28780321755,0.21526997159999994
0.036160381,0.303128356,0.26311257,2.292717454,1.808899866,-0.47581960674099993,-0.19109651445000003,-0.23036215640000002
0.360136407,0.087642747,0.936957823,5.625566537,4.494136741,-0.15184358074099996,-0.40658212345,0.44348309659999996
0.553802241,0.305524311,0.396981517,3.952101706,3.349347159,0.04182225325900002,-0.18870055945000003,-0.0964932094
0.447202541,0.600594333,0.515679428,5.307536093,4.140751554,-0.06477744674099994,0.10636946254999996,0.022204701599999987
0.919391973,0.496963483,0.992158015,8.1387471,6.751606605,0.407411985259,0.0027386125499999636,0.4986832886
0.851424958,0.208510514,0.930595215,7.056415449,5.488591766,0.339444970259,-0.28571435645,0.43712048859999997
0.116366398,0.817449708,0.380623293,4.546578948,3.873210253,-0.39561358974099997,0.32322483755000003,-0.11285143340000003
0.87797432,0.86805669,0.8059254,8.276738778,6.570123305,0.365994332259,0.37383181954999994,0.3124506736
0.790030436,0.304679139,0.080919283,2.853693419,2.329011055,0.27805044825900005,-0.18954573145000003,-0.4125554434
0.402980179,0.173524515,0.694951089,4.927004269,3.744408898,-0.10899980874099996,-0.32070035545000003,0.20147636260000001
0.346099727,0.975610201,0.640972077,6.770356934,5.380536682,-0.16588026074099993,0.48138533054999993,0.14749735060000002
0.822480564,0.132524673,0.862014482,6.388452919,5.034943861,0.31050057625900007,-0.36170019745000004,0.36853975559999996
0.922757191,0.487061919,0.606252938,6.264869199,5.127749513,0.410777203259,-0.00716295145000001,0.11277821160000001
0.764809801,0.174838627,0.502566076,4.642758051,3.510081431,0.252829813259,-0.31938624345,0.00909134960000002
0.398663028,0.146373992,0.367534422,3.142670917,2.284165615,-0.11331695974099998,-0.34785087845,-0.12594030439999998
0.068172309,0.025811907,0.135166289,1.074472669,0.698268912,-0.44380767874099997,-0.46841296345,-0.3583084374
0.963115112,0.549529536,0.965822161,8.386373242,6.673041619,0.45113512425900004,0.055304665549999965,0.47234743459999995
0.432497878,0.311816133,0.506141863,4.398018951,3.507686564,-0.07948210974099995,-0.18240873745000002,0.012667136599999962
0.439511689,0.105664684,0.640826315,4.409955757,3.58169396,-0.07246829874099997,-0.38856018645,0.14735158859999997
0.216038183,0.619587955,0.650201092,5.67143287,4.467890012,-0.29594180474099996,0.12536308454999995,0.15672636559999997
0.152024853,0.061349627,0.780761586,4.320023279,3.690008023,-0.35995513474099994,-0.43287524345,0.2872868596
0.459800424,0.058163796,0.994866317,6.142924351,4.836998868,-0.05217956374099997,-0.43606107445000003,0.5013915905999999
0.057780561,0.695035229,0.983678925,7.099591705,5.724331964,-0.45419942674099995,0.20081035855,0.4902041986
0.239180104,0.142249369,0.121384939,1.505614194,1.0387766,-0.27279988374099995,-0.35197550145,-0.3720897874
0.303275148,0.101045811,0.692161342,4.379669685,3.449906664,-0.20870483974099996,-0.39317905945000003,0.1986866156
0.062291798,0.509422128,0.996696854,6.66155829,5.320141738,-0.44968818974099994,0.015197257549999954,0.5032221276
0.81397027,0.615219438,0.306253621,4.993244053,4.080048963,0.30199028225900004,0.12099456754999999,-0.18722110540000003
0.623895836,0.527041464,0.426083384,4.980804302,4.004029312,0.11191584825900003,0.03281659354999994,-0.0673913424
0.130710377,0.886604215,0.449784649,5.327968449,4.093777786,-0.38126961074099996,0.39237934454999995,-0.04369007740000003
0.194622512,0.367759351,0.414129753,3.661716807,2.885076594,-0.31735747574099993,-0.12646551945,-0.07934497340000002
0.827537896,0.733614381,0.769304894,7.78935886,6.219715486,0.3155579082590001,0.23938951054999996,0.2758301676
0.011031264,0.416153998,0.481344152,3.631691329,3.135111635,-0.500948723741,-0.07807087245,-0.012130574399999983
0.019192277,0.259813209,0.760289823,4.530349213,3.808231126,-0.492787710741,-0.23441166145000003,0.2668150966
0.137109706,0.535310131,0.215201872,3.051689222,2.480832041,-0.37487028174099996,0.04108526055,-0.27827285440000005
0.012120775,0.241201458,0.975873755,5.714819376,4.530688425,-0.499859212741,-0.25302341245000004,0.48239902859999995
0.801537112,0.959576644,0.487854044,7.068341444,5.591494655,0.28955712425900004,0.46535177354999996,-0.005620682400000021
0.109736199,0.547959489,0.454377335,4.074839474,3.476962849,-0.402243788741,0.05373461855,-0.039097391400000014
0.844357083,0.098082581,0.488241137,4.401212727,3.331428884,0.33237709525900005,-0.39614228945,-0.005233589400000016
0.150048665,0.324675927,0.737357077,4.796962081,3.951247191,-0.36193132274099993,-0.16954894345000004,0.24388235059999996
0.476018129,0.375888285,0.394476279,4.012835396,3.154396146,-0.03596185874099994,-0.11833658545000003,-0.09899844740000002
0.459446768,0.785016544,0.892084689,7.834023664,6.25796558,-0.05253321974099995,0.29079167354999996,0.39860996260000003
0.955334687,0.786903386,0.315406896,5.801764473,4.784910296,0.44335469925900006,0.29267851554999996,-0.17806783040000002
0.688134706,0.437603124,0.254670622,4.026479874,3.085194929,0.1761547182590001,-0.05662174645000001,-0.2388041044
0.840871579,0.038426349,0.901761992,6.286781856,4.725390773,0.328891591259,-0.45579852145,0.40828726559999995
0.461477465,0.637201477,0.659353922,6.163734674,4.881413503,-0.05050252274099998,0.14297660654999994,0.16587919559999997
0.895117741,0.636669682,0.613933585,6.655143313,5.481432529,0.383137753259,0.14244481154999994,0.12045885859999994
0.066652041,0.518408022,0.150169001,2.447894096,2.050437109,-0.44532794674099996,0.024183151550000004,-0.34330572540000004
0.737433769,0.512221921,0.680227779,6.113558599,5.150435197,0.22545378125900006,0.01799705054999995,0.18675305259999997
0.041672901,0.084792016,0.716323388,3.900649174,3.111783613,-0.47030708674099997,-0.40943285445,0.22284866159999994
0.072084336,0.071256728,0.012108475,0.255433907,0.206799151,-0.439895651741,-0.42296814245000003,-0.4813662514
0.956501398,0.737508359,0.353251409,6.012384369,4.743058062,0.44452141025900005,0.24328348854999998,-0.1402233174
0.296535581,0.34970323,0.774653531,5.593189243,4.33424739,-0.21544440674099996,-0.14452164045000004,0.2811788046
0.661370611,0.185195568,0.174109335,2.795541701,2.369891851,0.1493906232590001,-0.30902930245000004,-0.3193653914
0.09839565,0.66030272,0.764372662,6.151663392,4.912891644,-0.41358433774099995,0.16607784955,0.2708979356
0.265046428,0.020944961,0.082171667,0.908894425,0.720553885,-0.24693355974099995,-0.47327990945000004,-0.4113030594
0.967860035,0.295444777,0.769223148,6.842906461,5.206156063,0.455880047259,-0.19878009345000003,0.2757484216
0.624663569,0.38193964,0.205687262,3.516801524,2.705299081,0.11268358125900002,-0.11228523045,-0.2877874644
0.121386418,0.615012968,0.774633781,5.937325115,4.794196978,-0.39059356974099996,0.12078809755000003,0.2811590546
0.643904254,0.530302133,0.041951223,3.202033039,2.571099985,0.131924266259,0.03607726254999993,-0.4515235034
0.968488778,0.798714192,0.292822037,5.686600962,4.639448409,0.45650879025900004,0.30448932155,-0.20065268940000003
0.979970329,0.60188159,0.582422658,6.595247303,5.231186927,0.4679903412590001,0.10765671954999995,0.08894793160000003
0.748073179,0.811769788,0.656478607,7.152989787,5.966492737,0.23609319125900008,0.31754491754999997,0.16300388060000004
0.128095746,0.338267506,0.92808364,5.858514442,4.755077779,-0.38388424174099994,-0.15595736445000002,0.4346089136
0.224615612,0.372167024,0.432076883,3.620460946,3.072532477,-0.28736437574099993,-0.12205784645000001,-0.061397843399999985
0.43940499,0.612939582,0.943075838,7.555316222,5.902937141,-0.07257499774099996,0.11871471154999996,0.44960111160000005
0.240692712,0.121501376,0.19747049,1.807356562,1.490986031,-0.271287275741,-0.37272349445,-0.2960042364
0.8869249,0.645810813,0.285906789,5.176066681,4.119652538,0.37494491225900006,0.15158594254999996,-0.2075679374
0.815946939,0.861369996,0.846514339,8.391540424,6.574437825,0.3039669512590001,0.36714512554999995,0.35303961259999994
0.918926534,0.25224102,0.755041929,6.187725441,5.230687577,0.40694654625900006,-0.24198385045000004,0.2615672026
0.460539497,0.841998553,0.728490677,7.116533775,5.838832783,-0.05144049074099993,0.34777368255,0.23501595060000002
0.776447446,0.656161838,0.177428769,4.217298756,3.47507131,0.2644674582590001,0.16193696755000003,-0.3160459574
0.545026919,0.98466974,0.937388066,8.724139984,6.918540019,0.033046931259000045,0.49044486954999994,0.4439133396
0.043173736,0.164814816,0.131728773,1.102604282,1.038468898,-0.46880625174099994,-0.32941005445000004,-0.36174595340000004
0.72597991,0.81778533,0.213511366,5.171600241,3.996148425,0.213999922259,0.32356045954999996,-0.2799633604
0.505852693,0.840703028,0.732801545,7.288958466,5.827309683,-0.006127294740999933,0.34647815754999994,0.23932681860000005
0.542237205,0.59034769,0.508360547,5.407895596,4.341824962,0.030257217259000102,0.09612281954999996,0.014885820599999988
0.297548451,0.565021993,0.688885302,5.860960059,4.665042966,-0.21443153674099996,0.07079712254999998,0.19541057559999997
0.873322916,0.636291354,0.761121537,7.376495981,6.089929477,0.36134292825900005,0.14206648355,0.26764681059999995
0.160071635,0.461557474,0.00933162,1.80582173,1.488137938,-0.35190835274099996,-0.03266739645,-0.4841431064
0.246678865,0.726461715,0.991809951,7.651773675,6.04844684,-0.26530112274099993,0.23223684455,0.4983352246
0.0991781,0.401494316,0.800070969,5.429595998,4.489043099,-0.41280188774099996,-0.09273055445,0.30659624259999996
0.204035635,0.555084949,0.733071296,5.865917947,4.790112466,-0.30794435274099996,0.06086007855000003,0.23959656959999998
0.61598545,0.188024735,0.355384569,3.646217158,3.13078396,0.10400546225900009,-0.30620013545,-0.13809015740000002
0.783791784,0.554226514,0.005229614,3.285283545,2.469823013,0.2718117962590001,0.06000164354999998,-0.4882451124
0.76099076,0.035311355,0.745733783,5.191095755,4.23698786,0.24901077225900003,-0.45891351545000003,0.25225905660000003
0.20248056,0.95807348,0.367940751,5.022880688,3.962457675,-0.3094994277409999,0.46384860955,-0.1255339754
0.326931616,0.14888805,0.305604215,2.616277568,2.140349328,-0.18504837174099997,-0.34533682045,-0.1878705114
0.876650762,0.996334338,0.368309531,6.593189427,5.224230079,0.3646707742590001,0.50210946755,-0.12516519539999998
0.448610631,0.722070938,0.88619578,7.381392606,6.215220993,-0.06336935674099997,0.22784606754999998,0.3927210536
0.593044334,0.391525698,0.412621841,4.664942635,3.441406613,0.08106434625900005,-0.10269917245000004,-0.08085288540000002
0.695618146,0.003218264,0.619589337,4.650477177,3.360911925,0.1836381582590001,-0.49100660645,0.12611461059999995
0.35549301,0.794197331,0.09299064,3.618743046,2.843569029,-0.15648697774099996,0.29997246055,-0.4004840864
0.588202267,0.48097289,0.642325526,5.838154519,4.456488952,0.07622227925900005,-0.013251980450000034,0.14885079960000003
0.064853594,0.579983787,0.561484588,4.655860594,3.868288158,-0.44712639374099994,0.08575891654999995,0.0680098616
0.560660094,0.603487667,0.676467937,6.218931029,4.849072752,0.0486801062590001,0.10926279654999999,0.18299321059999996
0.804989,0.26982072,0.82504941,6.552435262,5.185078699,0.293009012259,-0.22440415045,0.3315746836
0.498255682,0.077058279,0.058550929,1.546216102,0.966451756,-0.013724305740999976,-0.41716659145,-0.4349237974
0.334238319,0.784896977,0.707680935,6.437396185,5.262293879,-0.17774166874099995,0.29067210655000003,0.21420620859999995
0.788614965,0.517269056,0.440198998,5.36344973,4.401228896,0.276634977259,0.02304418554999993,-0.0532757284
0.147452527,0.328192754,0.434019366,3.43405424,2.813802928,-0.36452746074099995,-0.16603211645000004,-0.05945536039999999
0.08860043,0.220611953,0.598225294,3.639382432,2.990982342,-0.42337955774099995,-0.27361291745000005,0.10475056760000001
0.735663114,0.998347511,0.933113331,9.045896918,7.328696426,0.223683126259,0.5041226405499999,0.43963860460000004
0.6425652,0.421248053,0.636177365,5.688400829,4.563479079,0.130585212259,-0.07297681745000001,0.1427026386
0.785651618,0.118336191,0.40990489,4.164605023,3.161200498,0.2736716302590001,-0.37588867945000004,-0.08356983639999999
0.839802286,0.383832952,0.571872271,5.746120096,4.370089057,0.327822298259,-0.11039191845000002,0.07839754460000004
0.587769361,0.184476253,0.362235442,3.406596532,2.851043168,0.07578937325900004,-0.30974861745000004,-0.1312392844
0.334511289,0.026196709,0.024191764,0.917175151,0.393586597,-0.17746869874099996,-0.46802816145000004,-0.4692829624
0.831697044,0.27307081,0.518078766,4.91826995,3.9395492,0.31971705625900004,-0.22115406045000002,0.024604039600000016
0.298725574,0.940679245,0.259296759,4.824241782,3.788146124,-0.21325441374099996,0.44645437455,-0.23417796740000002
0.429656813,0.87273025,0.841933567,7.640059746,6.257377795,-0.08232317474099993,0.37850537955,0.3484588406
0.186101418,0.80264331,0.458186887,5.06170358,4.120771033,-0.32587856974099993,0.30841843955,-0.03528783940000002
0.482968872,0.133479972,0.080601514,1.901964895,1.240002989,-0.02901111574099996,-0.36074489845,-0.4128732124
0.727939307,0.496461152,0.436850703,5.000799227,3.981965339,0.21595931925900003,0.0022362815499999966,-0.0566240234
0.729508229,0.765512899,0.158908168,4.410384174,3.663545262,0.21752824125900005,0.27128802854999995,-0.33456655840000005
0.610225149,0.135354082,0.751375086,5.325028043,4.25131654,0.09824516125900007,-0.35887078845000003,0.2579003596
0.656955156,0.956614621,0.068958016,4.632382143,3.594888942,0.14497516825900003,0.46238975055000003,-0.4245167104
0.057054721,0.282187075,0.261705684,2.117264478,1.789789124,-0.454925266741,-0.21203779545,-0.2317690424
0.246978799,0.906254581,0.2495462,4.177236779,3.703906249,-0.265001188741,0.41202971055,-0.2439285264
0.271949726,0.759398262,0.449739842,5.025677566,4.053610358,-0.24003026174099995,0.26517339155,-0.04373488440000001
0.776710557,0.065366158,0.487571194,4.242549635,3.26995688,0.26473056925900007,-0.42885871245,-0.005903532400000022
0.0336136,0.062653203,0.906437453,4.907400252,4.049796881,-0.47836638774099993,-0.43157166745000003,0.4129627266
0.139245371,0.532420682,0.411095603,3.884914666,3.041933909,-0.37273461674099995,0.038195811550000014,-0.08237912340000003
0.347343326,0.899833346,0.021823397,3.462161013,2.672707668,-0.16463666174099995,0.40560847554999996,-0.4716513294
0.663789686,0.963394434,0.560168183,7.133993666,5.723202315,0.15180969825900004,0.46916956355,0.06669345660000003
0.936822462,0.052257879,0.418793319,3.937410987,3.143187361,0.424842474259,-0.44196699145,-0.07468140740000001
0.260157791,0.730820965,0.98129709,7.580411852,6.110653708,-0.2518221967409999,0.23659609455000002,0.4878223636
0.256530062,0.654174601,0.198097633,3.485114482,2.734506491,-0.25544992574099995,0.15994973055,-0.2953770934
0.565330255,0.463932487,0.97200533,7.427406489,5.869867903,0.05335026725900005,-0.030292383450000016,0.4785306036
0.608527273,0.349506372,0.114095785,2.785071917,2.40279379,0.09654728525900003,-0.14471849845,-0.3793789414
0.151246829,0.22531693,0.250966661,2.236721855,1.874242059,-0.360733158741,-0.26890794045,-0.24250806540000003
0.850616058,0.561222788,0.523390911,5.753022302,4.858767054,0.338636070259,0.06699791755000001,0.029916184600000006
0.114768872,0.860139693,0.722814303,6.358203499,5.072137048,-0.397211115741,0.36591482255,0.22933957660000004
0.067668362,0.707835097,0.543538217,5.021883973,3.930127782,-0.44431162574099997,0.21361022655,0.05006349060000004
0.081725346,0.458300642,0.484696287,3.863604648,2.923216905,-0.4302546417409999,-0.03592422845000004,-0.008778439400000004
0.16577454,0.945698147,0.849975371,7.424418801,5.931870582,-0.3462054477409999,0.45147327654999997,0.35650064459999997
0.669022337,0.462295561,0.411765542,4.828446316,3.902004893,0.15704234925900007,-0.03192930945,-0.08170918440000002
0.650973467,0.545431869,0.062273106,3.215353152,2.640826949,0.13899347925900007,0.05120699854999994,-0.4312016204
0.512502649,0.806403617,0.459239878,5.757461914,4.5995712,0.0005226612590000235,0.31217874654999994,-0.03423484840000002
0.051956578,0.786278199,0.201363782,3.373293407,2.846855465,-0.460023409741,0.29205332854999994,-0.2921109444
0.258620835,0.164706353,0.330215065,2.641774926,2.051668841,-0.25335915274099996,-0.32951851745000005,-0.16325966140000003
0.756751506,0.51938586,0.204881274,4.157088578,3.273592892,0.244771518259,0.025160989549999957,-0.2885934524
0.877830078,0.879581855,0.870578425,8.762995142,7.074601283,0.36585009025900006,0.38535698454999995,0.37710369860000004
0.238796211,0.451239344,0.984989656,6.697605609,5.264662623,-0.2731837767409999,-0.04298552645000003,0.4915149296
0.772012476,0.027167421,0.065204591,1.973971813,1.516720401,0.26003248825900005,-0.46705744945,-0.42827013540000003
0.463931377,0.909220206,0.538701798,6.42049334,5.216998259,-0.048048610740999975,0.41499533554999996,0.045227071599999946
0.497812508,0.1054737,0.656780105,4.390952512,3.596013402,-0.014167479740999966,-0.38875117045,0.16330537859999994
0.822103161,0.380420008,0.775611851,6.779433005,5.356722225,0.3101231732590001,-0.11380486245000004,0.28213712459999996
0.964476654,0.203766459,0.523329631,5.123275367,4.330915098,0.4524966662590001,-0.29045841145,0.029854904599999954
0.287137958,0.792854419,0.577593366,5.883354996,4.712782169,-0.22484202974099993,0.29862954854999996,0.08411863959999999
0.634582418,0.79791416,0.395970473,5.76248437,4.569871621,0.12260243025900008,0.30368928955,-0.09750425340000002
0.915090068,0.533028867,0.157954823,4.081873483,3.263220854,0.4031100802590001,0.03880399654999994,-0.33551990340000004
0.695899118,0.79326135,0.316761677,5.284446573,4.312173878,0.18391913025900009,0.29903647954999996,-0.1767130494
0.857179257,0.906143255,0.276904487,5.788455846,4.704772134,0.345199269259,0.41191838455,-0.21657023940000003
0.983521473,0.140711528,0.202015668,3.320880519,2.654607937,0.4715414852590001,-0.35351334245,-0.29145905839999997
0.184224839,0.89398971,0.654292552,6.495375228,5.026512211,-0.327755148741,0.39976483955000003,0.16081782560000002
0.152104283,0.440323418,0.615298025,4.615991738,3.810793248,-0.35987570474099995,-0.05390145245,0.12182329859999996
0.083464085,0.882416368,0.803603535,6.776640274,5.691870784,-0.42851590274099993,0.38819149755,0.3101288086
0.505206774,0.967126615,0.417760979,6.021037192,4.891534192,-0.006773213740999928,0.47290174454999995,-0.07571374740000003
0.984110319,0.667919999,0.634671273,7.025122048,5.780849287,0.47213033125900006,0.17369512854999997,0.14119654660000003
0.165954895,0.881927758,0.427489688,5.075573434,4.140009293,-0.34602509274099996,0.38770288755,-0.06598503840000003
0.162233406,0.01260752,0.559755684,3.192813116,2.588881667,-0.34974658174099993,-0.48161735045000004,0.06628095759999997
0.527399622,0.719353622,0.890258053,7.630864336,6.178442485,0.015419634259000059,0.22512875154999995,0.39678332660000004
0.079406585,0.73149649,0.187411944,3.281023675,2.602407806,-0.432573402741,0.23727161955000003,-0.3060627824
0.858177053,0.819063514,0.540793755,6.824580212,5.529951485,0.34619706525900007,0.32483864355,0.047319028600000035
0.710242799,0.314350113,0.471167899,4.567928401,3.63674141,0.19826281125900003,-0.17987475745000003,-0.022306827400000007
0.821636898,0.459265197,0.357798265,4.842220035,3.748523373,0.309656910259,-0.034959673450000006,-0.1356764614
0.494212447,0.828249252,0.335208047,5.324706196,4.171706822,-0.017767540740999954,0.33402438154999997,-0.1582666794
0.173761593,0.71201402,0.825978213,6.615296474,5.374314719,-0.33821839474099996,0.21778914955,0.33250348659999995
0.100637479,0.239874113,0.14197199,1.653283656,1.199606212,-0.411342508741,-0.25435075745,-0.3515027364
0.347941412,0.450350979,0.748826337,5.86033972,4.74849349,-0.16403857574099995,-0.043873891450000035,0.2553516106
0.651147585,0.620928567,0.352374947,4.800022556,3.99574321,0.13916759725900008,0.12670369654999997,-0.1410997794
0.841447553,0.471287167,0.979104938,8.162532764,6.286336157,0.329467565259,-0.022937703450000013,0.4856302116
0.634142138,0.126264742,0.676177562,5.048199191,3.81782683,0.12216215025900001,-0.36796012845000003,0.1827028356
0.325104015,0.686327197,0.069641148,3.220581052,2.46754815,-0.18687597274099993,0.19210232654999998,-0.4238335784
0.174881437,0.855737259,0.227179557,3.979569137,3.26578916,-0.3370985507409999,0.36151238854999995,-0.2662951694
0.837041125,0.279276088,0.64288191,5.908126258,4.536593595,0.3250611372590001,-0.21494878245000004,0.14940718359999994
0.694150574,0.512654753,0.305310677,4.530334339,3.507793784,0.18217058625900007,0.018429882549999943,-0.18816404940000003
0.212644376,0.033189355,0.303946401,2.099892831,1.41697987,-0.299335611741,-0.46103551545000004,-0.18952832540000003
0.653162791,0.938304818,0.871204482,8.500664893,6.771489467,0.141182803259,0.44407994754999996,0.3777297556
0.766064777,0.788447343,0.664984903,7.197543238,5.749593226,0.254084789259,0.29422247254999995,0.1715101766
0.260286858,0.907195031,0.670732312,6.715873533,5.404713213,-0.25169312974099994,0.41297016054999997,0.17725758560000004
0.560440631,0.110989469,0.447055544,3.703163376,2.836536827,0.048460643259000014,-0.38323540145,-0.04641918239999998
0.460358271,0.86456361,0.54664822,6.050941502,5.206406779,-0.05162171674099997,0.37033873955,0.05317349360000001
0.380400549,0.976800329,0.110720593,4.133086404,3.264319963,-0.13157943874099998,0.48257545855,-0.3827541334
0.422548428,0.042024675,0.739904121,4.652106911,3.829617563,-0.08943155974099998,-0.45220019545,0.24642939460000002
0.918076552,0.28003733,0.858341677,6.998973375,5.488142962,0.4060965642590001,-0.21418754045000005,0.36486695059999996
0.29221823,0.910770162,0.753961904,7.080897615,5.817058851,-0.21976175774099993,0.41654529155000003,0.26048717759999995
0.804906777,0.018006556,0.962810357,6.599782085,5.111598131,0.29292678925900006,-0.47621831445,0.46933563059999994
0.726670992,0.304751095,0.829394665,6.319458408,5.28341844,0.214691004259,-0.18947377545,0.3359199386
0.281521198,0.87275384,0.11258039,3.758564661,3.015751762,-0.23045878974099998,0.37852896955,-0.38089433640000003
0.703685977,0.540698477,0.09653447,3.330341813,2.683550996,0.19170598925900006,0.046473606549999935,-0.3969402564
0.241893828,0.012404036,0.468767965,2.940810822,2.410973124,-0.2700861597409999,-0.48182083445,-0.0247067614
0.301265261,0.598357484,0.297237808,3.874346142,3.125394768,-0.21071472674099995,0.10413261354999997,-0.19623691840000002
0.299919112,0.743193199,0.048142836,3.112092996,2.522588855,-0.21206087574099997,0.24896832855,-0.4453318904
0.902894995,0.852263874,0.667804683,7.615216734,6.279696103,0.3909150072590001,0.35803900355,0.17432995659999995
0.59322157,0.892302498,0.18533018,4.917948025,3.758713794,0.08124158225900002,0.39807762755000003,-0.3081445464
0.078969162,0.23951017,0.794578279,4.953532694,3.955091373,-0.43301082574099997,-0.25471470045,0.3011035526
0.034670267,0.582806835,0.995437516,6.85330305,5.431783077,-0.477309720741,0.08858196454999995,0.5019627896
0.855696094,0.521445689,0.063640909,3.580982077,2.828505065,0.34371610625900006,0.02722081854999997,-0.42983381740000004
0.831373514,0.598978508,0.114932997,4.092333267,3.211466427,0.3193935262590001,0.10475363754999995,-0.3785417294
0.093857285,0.909626819,0.669200263,6.191907086,4.941631841,-0.41812270274099994,0.41540194854999996,0.1757255366
0.829286799,0.8789789,0.571772352,7.239927626,5.650583154,0.31730681125900007,0.38475402955,0.07829762559999998
0.517446352,0.43042741,0.316946588,4.075855963,3.255131694,0.005466364259000045,-0.06379746045000001,-0.17652813840000003
0.434595961,0.773879656,0.601923431,6.3075091,5.082905924,-0.07738402674099998,0.27965478554999995,0.1084487046
0.89252329,0.443380014,0.607089579,6.07767427,4.869329328,0.380543302259,-0.05084485645000003,0.11361485260000004
0.631307553,0.591697162,0.702633773,6.58701719,5.261051674,0.11932756525900001,0.09747229154999998,0.20915904659999995
0.237433468,0.512363778,0.104224803,2.403768129,2.024534607,-0.274546519741,0.018138907549999972,-0.3892499234
0.384511328,0.487667069,0.65222426,5.55038419,4.54049004,-0.12746865974099997,-0.0065578014500000115,0.1587495336
0.950531053,0.600651067,0.743593916,7.466045227,5.881764652,0.438551065259,0.10642619655000002,0.2501191896
0.506266059,0.634104031,0.070932216,3.08252366,2.651572241,-0.005713928740999963,0.13987916055,-0.4225425104
0.254391581,0.361853093,0.472493355,3.840630832,3.290796539,-0.257588406741,-0.13237177745,-0.020981371400000004
0.045648746,0.140024098,0.276814308,1.867127433,1.448053445,-0.46633124174099994,-0.35420077245000003,-0.2166604184
0.971532691,0.331347007,0.482041058,5.317225719,4.369709705,0.459552703259,-0.16287786345,-0.011433668399999986
0.196097713,0.610780071,0.280683216,3.507004023,2.790783468,-0.31588227474099995,0.11655520054999996,-0.2127915104
0.206992578,0.516572628,0.005505799,2.030129911,1.786907849,-0.3049874097409999,0.022347757550000014,-0.48796892740000003
0.007664033,0.219068809,0.036721363,0.881288666,0.668785963,-0.504315954741,-0.27515606145000004,-0.4567533634
0.108025754,0.338860649,0.80258568,5.226134941,4.195263098,-0.4039542337409999,-0.15536422145,0.30911095359999996
0.572048643,0.512667726,0.293488823,4.073965431,3.124696556,0.06006865525900007,0.01844285554999997,-0.1999859034
0.931753719,0.397015041,0.087092767,3.594887109,2.693059778,0.4197737312590001,-0.09720982945000001,-0.4063819594
0.617066516,0.113838393,0.345223143,3.467304638,2.487107676,0.105086528259,-0.38038647745000004,-0.1482515834
0.507411939,0.874222525,0.49354658,6.056868205,4.860095907,-0.004568048740999919,0.37999765454999995,7.185360000000474e-05
0.702258766,0.992816839,0.13148912,4.979196957,4.04765563,0.19027877825900008,0.49859196854999993,-0.3619856064
0.274731526,0.394576076,0.421828179,3.891452937,3.181629353,-0.23724846174099995,-0.09964879445000002,-0.07164654739999998
0.411021075,0.907611003,0.714032644,7.079235443,5.762450032,-0.10095891274099994,0.41338613254999995,0.2205579176
0.607905214,0.309372718,0.823790384,6.248940783,5.011218818,0.09592522625900002,-0.18485215245000003,0.33031565760000003
0.955060511,0.821198283,0.001565105,4.455506712,3.382294955,0.44308052325900005,0.32697341254999995,-0.4919096214
0.63640137,0.051135381,0.25760722,2.523309378,2.024793981,0.12442138225900001,-0.44308948945000004,-0.23586750639999998
0.0595247,0.603795453,0.686589913,5.495215559,4.525007839,-0.45245528774099997,0.10957058255000002,0.19311518660000004
0.114487638,0.383838883,0.456236509,3.668942522,2.882754597,-0.39749234974099995,-0.11038598745,-0.037238217399999995
0.369053022,0.121025,0.41894779,3.154770681,2.69755402,-0.14292696574099994,-0.37319987045,-0.07452693640000002
0.751178048,0.071007665,0.080180014,2.107355744,1.600700169,0.23919806025900003,-0.42321720545,-0.41329471240000004
0.354771292,0.941725712,0.668572647,6.873825888,5.560990597,-0.15720869574099994,0.44750084155,0.17509792059999996
0.678669957,0.361919991,0.593660791,5.238283712,4.404484593,0.16668996925900004,-0.13230487945000002,0.10018606460000001
0.010131184,0.636096046,0.913286948,6.644479068,5.385773925,-0.5018488037409999,0.14187117555,0.4198122216
0.612573468,0.873698593,0.723973055,7.470240558,5.987917652,0.10059348025900006,0.37947372254999995,0.23049832859999997
0.120558416,0.902453307,0.066443844,3.324996189,2.663921965,-0.39142157174099995,0.40822843655,-0.4270308824
0.533967473,0.142137124,0.011706611,1.648034347,1.197528416,0.021987485259000072,-0.35208774645,-0.48176811540000003
0.42203426,0.295040708,0.486000494,4.057076866,3.348450887,-0.08994572774099996,-0.19918416245000004,-0.007474232400000003
0.577199887,0.043739072,0.123003295,1.947980656,1.55629106,0.06521989925900007,-0.45048579845000003,-0.3704714314
0.558642396,0.343167353,0.729173488,5.765890181,4.612998914,0.04666240825900003,-0.15105751745,0.23569876160000003
0.652291649,0.845604363,0.692492827,7.388537597,5.924308317,0.14031166125900008,0.35137949254999995,0.19901810060000003
0.429931077,0.672966622,0.275381174,4.042945151,3.592673842,-0.08204891074099996,0.17874175155,-0.2180935524
0.306313499,0.78898516,0.446419516,5.201770629,4.255742175,-0.20566648874099996,0.29476028954999994,-0.04705521039999999
0.798380341,0.822422374,0.857562338,8.291557425,6.715041081,0.28640035325900004,0.32819750354999994,0.3640876116
0.916635236,0.430985221,0.318866818,4.76378652,3.575992096,0.404655248259,-0.06323964945000005,-0.1746079084
0.582198747,0.371172423,0.601074167,5.330290016,3.942452832,0.07021875925900001,-0.12305244745000005,0.10759944060000004
0.705585863,0.688405018,0.374552887,5.278388626,4.316440461,0.19360587525900008,0.19418014754999996,-0.1189218394
0.166860202,0.430529338,0.142594144,2.267061753,1.887507802,-0.34511978574099994,-0.06369553245000004,-0.3508805824
0.890097035,0.345877461,0.154459747,3.579058652,2.766199926,0.3781170472590001,-0.14834740945000002,-0.3390149794
0.02544776,0.645822386,0.636902317,5.083210043,4.224689896,-0.48653222774099997,0.15159751554999995,0.1434275906
0.340604167,0.071711889,0.409628895,3.028686844,2.322661179,-0.17137582074099994,-0.42251298145000005,-0.08384583140000001
0.311217495,0.67712064,0.605779249,5.645772437,4.695522865,-0.20076249274099994,0.18289576955000003,0.11230452260000001
0.364593728,0.217892554,0.988035966,6.032346128,5.052376929,-0.14738625974099995,-0.27633231645,0.4945612396
0.454001621,0.688274236,0.140552968,3.638108582,2.889207563,-0.05797836674099993,0.19404936555000002,-0.3529217584
0.4855897,0.02753672,0.505455118,3.477210766,2.918063445,-0.02639028774099994,-0.46668815045,0.011980391599999973
0.964017407,0.384206713,0.038996013,3.112507435,2.540813836,0.4520374192590001,-0.11001815745000004,-0.4544787134
0.030955791,0.38798676,0.160024936,1.90225388,1.709154,-0.48102419674099994,-0.10623811045000003,-0.3334497904
0.023352096,0.756213614,0.458523009,4.618900926,3.711913144,-0.48862789174099996,0.26198874354999996,-0.034951717400000026
0.289244772,0.900083183,0.11613896,3.992297977,3.083648268,-0.22273521574099997,0.40585831255,-0.3773357664
0.955918829,0.313966717,0.888403672,7.327074619,5.780826549,0.44393884125900007,-0.18025815345,0.3949289456
0.602942876,0.82670736,0.984013163,8.545423309,6.908518231,0.09096288825900001,0.33248248955,0.49053843659999996
0.288405438,0.961135485,0.389481895,5.453217226,4.441357153,-0.22357454974099994,0.46691061455,-0.10399283139999999
0.385511905,0.340387104,0.541407607,4.453314128,3.568001472,-0.12646808274099997,-0.15383776645000002,0.047932880600000005
0.154145043,0.553711485,0.541704812,4.608488568,3.598679549,-0.35783494474099997,0.05948661454999998,0.04823008559999997
0.761901813,0.833649962,0.44044135,6.111523996,4.945465637,0.24992182525900009,0.33942509154999995,-0.0530333764
0.302333249,0.259334897,0.194623837,2.180607494,1.959714311,-0.20964673874099993,-0.23488997345,-0.29885088940000004
0.057647582,0.342447979,0.270247692,2.454885191,1.993844481,-0.454332405741,-0.15177689145,-0.22322703440000002
0.966417386,0.557708826,0.347277039,5.358151795,4.20836796,0.4544373982590001,0.06348395555000003,-0.1461976874
0.580467601,0.139196701,0.444043749,3.789081685,3.093505802,0.0684876132590001,-0.35502816945000004,-0.04943097740000002
0.626234321,0.488897832,0.401778801,4.686459449,3.697513942,0.11425433325900003,-0.005327038450000043,-0.09169592539999999
0.993848389,0.880314762,0.623405958,7.651096249,6.030903,0.4818684012590001,0.38608989155,0.12993123159999997
0.569377361,0.62066048,0.201312108,4.06812132,3.194902561,0.05739737325900007,0.12643560954999994,-0.2921626184
0.395137743,0.039459533,0.475546037,3.154671081,2.545122202,-0.11684224474099997,-0.45476533745000003,-0.01792868940000003
0.543024584,0.227749736,0.964028847,6.667045403,5.143401973,0.031044596259000024,-0.26647513445000004,0.4705541206
0.909454611,0.722143235,0.533386629,6.55205037,5.285548675,0.39747462325900007,0.22791836454999997,0.03991190259999999
0.86996916,0.130652344,0.790509794,6.009200798,4.842774341,0.35798917225900007,-0.36357252645000004,0.2970350676
0.124820814,0.794210663,0.275767568,3.864432938,3.274899294,-0.38715917374099995,0.29998579254999996,-0.2177071584
0.877090581,0.944042094,0.148795969,5.280147076,4.301623091,0.3651105932590001,0.44981722355000003,-0.3446787574
0.462675605,0.980987378,0.483407436,6.38288177,5.261452367,-0.049304382740999964,0.48676250755,-0.010067290399999984
0.863547523,0.588731522,0.375329908,5.42150196,4.234181835,0.3515675352590001,0.09450665154999999,-0.11814481840000002
0.285783556,0.203223091,0.761798191,5.088069552,4.01176069,-0.22619643174099996,-0.29100177945000005,0.2683234646
0.386540507,0.511275462,0.49232548,4.820749055,3.776379999,-0.12543948074099998,0.01705059154999994,-0.0011492464000000258
0.577279029,0.865577146,0.980739344,8.54461923,6.86818281,0.0652990412590001,0.37135227555,0.48726461759999995
0.407584209,0.827518922,0.764527795,7.087285234,5.679794031,-0.10439577874099998,0.33329405154999997,0.2710530686
0.573528951,0.956047144,0.200474516,4.939551998,4.004433491,0.061548963259000056,0.46182227355,-0.2930002104
0.10926421,0.853961967,0.439149817,5.109220895,4.091348079,-0.402715777741,0.35973709655,-0.05432490940000001
0.846968854,0.893090205,0.062457594,4.565817427,3.987916747,0.33498886625900004,0.39886533455,-0.4310171324
0.883464763,0.448319055,0.510432489,5.753418906,4.416120395,0.37148477525900003,-0.04590581545,0.016957762600000037
0.626592511,0.926382607,0.019116094,4.217208702,3.290647131,0.11461252325900007,0.43215773654999995,-0.4743586324
0.476843468,0.687722042,0.722706958,6.813349873,5.319085838,-0.03513651974099996,0.19349717154999996,0.22923223159999995
0.692532432,0.134435129,0.299395588,3.244379534,2.612048709,0.18055244425900008,-0.35978974145000003,-0.19407913840000002
0.358715525,0.804437208,0.278759872,4.595774252,3.690560878,-0.15326446274099997,0.31021233754999994,-0.2147148544
0.210704964,0.957448019,0.008863285,3.566235594,2.873540213,-0.30127502374099996,0.46322314854999996,-0.4846114414
0.997820856,0.676821299,0.828469299,8.106687937,6.260022521,0.4858408682590001,0.18259642854999997,0.3349945726
0.294619396,0.014315278,0.737869519,4.168028194,3.190502376,-0.21736059174099998,-0.47990959245000003,0.24439479259999997
0.834144597,0.740476132,0.142850287,4.415968023,3.624220557,0.32216460925900003,0.24625126154999993,-0.3506244394
0.753427922,0.768922782,0.658540516,7.177597972,5.79634092,0.24144793425900002,0.27469791154999995,0.16506578959999996
0.766115933,0.84592144,0.613604114,6.949701735,5.561829152,0.2541359452590001,0.35169656955,0.12012938760000003
0.088604714,0.48762781,0.077649335,1.991107625,1.3618107,-0.4233752737409999,-0.006597060450000025,-0.4158253914
0.407543031,0.407106489,0.066009844,2.410186069,1.950238087,-0.10443695674099995,-0.08711838145,-0.4274648824
0.348820534,0.110998099,0.80823521,5.090328968,4.05803261,-0.16315945374099994,-0.38322677145,0.3147604836
0.947688026,0.072316475,0.955115207,6.930446001,5.313763216,0.43570803825900006,-0.42190839545000003,0.46164048059999996
0.522576599,0.299565678,0.076862075,2.350389594,1.741673435,0.010596611259000022,-0.19465919245000002,-0.41661265140000003
0.500624268,0.794515544,0.707086477,7.048114137,5.4685968,-0.011355719740999914,0.30029067355,0.21361175060000004
0.050226011,0.072901835,0.402873283,2.238292304,1.880140268,-0.46175397674099994,-0.42132303545000005,-0.09060144339999998
0.295290494,0.232384323,0.281004499,2.625056938,2.085283017,-0.21668949374099994,-0.26184054745,-0.2124702274
0.803482743,0.929228054,0.405102695,6.342897176,5.198111419,0.29150275525900005,0.43500318354999995,-0.0883720314
0.906111002,0.321495701,0.476436986,5.241913221,3.783191035,0.3941310142590001,-0.17272916945,-0.0170377404
0.226028998,0.640476042,0.978981115,7.358431557,5.770472876,-0.285950989741,0.14625117154999995,0.48550638859999995
0.603493096,0.357814084,0.647817446,5.564638206,4.278439242,0.09151310825900005,-0.13641078645000004,0.1543427196
0.122920678,0.88865908,0.503083951,5.545587718,4.392730454,-0.38905930974099995,0.39443420955,0.009609224600000021
0.449349742,0.585864788,0.624783863,5.662409077,4.58401726,-0.06263024574099996,0.09163991754999995,0.1313091366
0.071775806,0.682617221,0.24193168,3.567784089,2.861717862,-0.44020418174099996,0.18839235054999998,-0.2515430464
0.713952633,0.822534794,0.803958508,8.067626048,6.157166288,0.20197264525900005,0.32830992354999994,0.3104837816
0.552500967,0.520169892,0.142875961,3.453453618,2.705229175,0.040520979259,0.025945021549999947,-0.3505987654
0.77534615,0.27140938,0.496695423,5.026577447,3.88415801,0.263366162259,-0.22281549045000004,0.003220696600000017
0.284274093,0.133828363,0.629557697,3.952159439,3.464877578,-0.22770589474099995,-0.36039650745,0.13608297059999996
0.054332035,0.748645234,0.317586795,3.890088935,3.175281721,-0.45764795274099995,0.25442036355000003,-0.17588793140000003
0.000134693,0.511129139,0.046851909,1.694386,1.497878382,-0.5118452947409999,0.01690426854999999,-0.4466228174
0.276169558,0.706976487,0.062689622,3.058864618,2.252067763,-0.23581042974099997,0.21275161655000002,-0.4307851044
0.839338492,0.003819923,0.246823869,2.819242025,2.016657402,0.32735850425900004,-0.49040494745,-0.2466508574
0.740904056,0.31627015,0.101892388,3.015830017,2.394078448,0.22892406825900002,-0.17795472045,-0.3915823384
0.360233919,0.270393286,0.842711902,5.882260822,4.586625673,-0.15174606874099994,-0.22383158445,0.3492371756
0.313347918,0.788932472,0.891872145,7.522374265,6.127692904,-0.19863206974099995,0.29470760155000003,0.3983974186
0.43381742,0.909943144,0.377318054,5.512429643,4.297515916,-0.07816256774099994,0.41571827354999996,-0.1161566724
0.964078416,0.089289525,0.687019267,5.532334405,4.469408716,0.45209842825900004,-0.40493534545000004,0.19354454060000004
0.49381404,0.387648805,0.632711879,5.229448794,4.427572373,-0.018165947740999944,-0.10657606545000003,0.13923715260000002
0.703857092,0.00436327,0.166953089,2.380531326,1.776476727,0.19187710425900006,-0.48986160045000005,-0.3265216374
0.713046051,0.666385414,0.966047505,8.333420768,6.627380781,0.201066063259,0.17216054354999993,0.4725727786
0.76103779,0.950772708,0.702540502,7.883194259,6.329506069,0.2490578022590001,0.45654783755,0.20906577559999995
0.298052209,0.105364922,0.781823863,4.779527546,3.680697926,-0.21392777874099994,-0.38885994845000005,0.28834913659999994
0.644149221,0.048186012,0.360050466,3.030528022,2.66244802,0.1321692332590001,-0.44603885845,-0.1334242604
0.956799815,0.500401146,0.432729136,5.471363506,4.356033368,0.44481982725900004,0.006176275549999943,-0.060745590399999994
0.457699605,0.208882724,0.368707171,3.576725145,2.734033227,-0.054280382740999944,-0.28534214645,-0.12476755540000001
0.369813256,0.05235502,0.767567629,4.606484158,3.599574518,-0.14216673174099997,-0.44186985045000005,0.27409290259999997
0.416504432,0.822179887,0.850348001,7.570236512,5.963652403,-0.09547555574099997,0.32795501655,0.35687327459999996
0.211994055,0.657353482,0.472281804,4.858201974,3.994010744,-0.29998593274099994,0.16312861154999997,-0.02119292239999998
0.880156738,0.215740679,0.6778132,5.671109248,4.536109377,0.3681767502590001,-0.27848419145000003,0.1843384736
0.607752122,0.295301478,0.136600904,2.802884243,2.34161304,0.095772134259,-0.19892339245000001,-0.3568738224
0.65163976,0.738597458,0.315627344,5.191000168,4.078639595,0.13965977225900006,0.24437258754999996,-0.17784738240000003
0.644832604,0.395130908,0.713206883,6.042342279,4.623713931,0.13285261625900002,-0.09909396245000002,0.2197321566
0.199215275,0.890215003,0.287409596,4.792963846,3.763205565,-0.31276471274099993,0.39599013255,-0.20606513040000002
0.367785988,0.058091952,0.111512212,1.300548967,1.083968479,-0.14419399974099995,-0.43613291845,-0.3819625144
0.515861903,0.267592677,0.835480226,6.117775817,4.85456433,0.003881915259000057,-0.22663219345000002,0.34200549960000004
0.014693389,0.379094049,0.337345547,2.836116483,2.321678478,-0.49728659874099995,-0.11513082145000003,-0.15612917939999998
0.019327631,0.124368399,0.413642675,2.557165849,1.840171321,-0.49265235674099994,-0.36985647145,-0.07983205139999999
0.492864584,0.404289747,0.530937678,4.897417518,3.890201435,-0.01911540374099996,-0.08993512345000004,0.037462951600000016
0.595131675,0.009923821,0.464095159,3.467194991,2.993510017,0.08315168725900002,-0.48430104945,-0.02937956740000003
0.963499241,0.51903228,0.677542267,6.894706299,5.502297277,0.451519253259,0.024807409549999992,0.18406754059999997
0.311863858,0.773991378,0.772921482,6.624519115,5.488708384,-0.20011612974099996,0.27976650754999993,0.2794467556
0.521296048,0.976013823,0.125550215,4.658709389,3.831713829,0.009316060259000003,0.4817889525499999,-0.36792451140000004
0.016947665,0.770158212,0.807155537,6.409963498,5.200506023,-0.49503232274099995,0.27593334155,0.31368081059999997
0.120207229,0.265582833,0.017552363,1.188790791,0.935430803,-0.3917727587409999,-0.22864203745,-0.4759223634
0.293308611,0.773141874,0.517960528,5.601657314,4.335497195,-0.21867137674099996,0.27891700355,0.024485801600000023
0.348095593,0.371739295,0.001353626,1.854939184,1.480290932,-0.16388439474099997,-0.12248557545,-0.4921211004
0.299800528,0.646458742,0.974194444,7.424758441,6.066169762,-0.21217945974099994,0.15223387154999996,0.4807197176
0.847060827,0.023594965,0.898560605,6.169602738,4.840214856,0.335080839259,-0.47062990545,0.4050858786
0.783198413,0.780376124,0.457995759,6.126281916,5.100170547,0.2712184252590001,0.28615125355,-0.035478967400000005
0.398005293,0.302915729,0.065694859,2.151905529,1.607906095,-0.11397469474099997,-0.19130914145,-0.4277798674
0.228235363,0.246603635,0.48407707,3.760300521,2.80639346,-0.28374462474099993,-0.24762123545000003,-0.00939765640000001
0.747444407,0.473809828,0.057844449,3.181729502,2.636832186,0.23546441925900008,-0.02041504245000003,-0.4356302774
0.957789801,0.942724319,0.785189543,8.67430055,6.905574248,0.44580981325900004,0.44849944854999996,0.2917148166
0.991327902,0.544482333,0.96276835,8.339483115,6.775222574,0.47934791425900003,0.05025746255000002,0.46929362360000004
0.075605041,0.365680748,0.225381268,2.492434351,1.89995864,-0.43637494674099997,-0.12854412245000002,-0.2680934584
0.195833084,0.140802949,0.622413642,3.992684905,3.12942895,-0.31614690374099996,-0.35342192145,0.12893891560000004
0.781321856,0.578298399,0.14696271,4.226474201,3.254935641,0.2693418682590001,0.08407352855,-0.3465120164
0.81112377,0.635954707,0.388165706,5.383107884,4.388324953,0.29914378225900007,0.14172983655,-0.10530902040000001
0.674130296,0.259904979,0.345192208,3.816135781,2.842173547,0.162150308259,-0.23431989145000004,-0.1482825184
0.917485843,0.290504506,0.469988268,5.079571136,3.870318727,0.40550585525900007,-0.20372036445000002,-0.02348645840000002
0.890141137,0.70772135,0.062203226,4.27911141,3.446268985,0.378161149259,0.21349647955,-0.4312715004
0.147303044,0.007841591,0.63092179,3.451173048,2.751032045,-0.36467694374099996,-0.48638327945000004,0.13744706360000003
0.447673425,0.134274851,0.957934121,6.0005459,4.786560619,-0.06430656274099994,-0.35995001945000005,0.46445939459999996
0.529659724,0.241893294,0.500603571,4.376157939,3.265779704,0.0176797362590001,-0.25233157645000004,0.007128844599999962
0.679620333,0.076239218,0.274703815,3.033590931,2.200870172,0.16764034525900007,-0.41798565245,-0.2187709114
0.806965491,0.45966487,0.546577142,5.634183893,4.343739116,0.2949855032590001,-0.03456000045000002,0.05310241559999995
0.432816002,0.043899943,0.16574978,1.961625012,1.411844907,-0.07916398574099998,-0.45032492745,-0.3277249464
0.445541639,0.209185465,0.049979029,1.885554688,1.331348478,-0.06643834874099996,-0.28503940545000006,-0.4434956974
0.843649664,0.981192529,0.793142874,8.610020935,6.794368526,0.331669676259,0.48696765854999996,0.29966814760000005
0.853784922,0.24197713,0.960626976,7.244595898,5.721315768,0.34180493425900005,-0.25224774045,0.4671522496
0.196925704,0.95142981,0.994819294,8.277643087,6.689637322,-0.315054283741,0.45720493955,0.5013445676
0.711722806,0.981143732,0.56953978,7.128405398,6.00792245,0.1997428182590001,0.48691886155,0.07606505360000004
0.259541783,0.436995886,0.593560935,4.800879048,3.704857788,-0.2524382047409999,-0.05722898445000002,0.10008620859999995
0.073081562,0.622343265,0.981177837,6.703843747,5.706129956,-0.43889842574099996,0.12811839455000001,0.48770311060000004
0.19010765,0.792595116,0.907898794,7.385140182,5.995554597,-0.321872337741,0.29837024554999997,0.41442406759999995
0.943701593,0.960135604,0.521459639,7.21895887,5.823820681,0.43172160525900005,0.46591073354999996,0.027984912600000023
0.977307908,0.757310207,0.161671436,5.185245601,4.02624672,0.46532792025900005,0.26308533654999994,-0.3318032904
0.476900106,0.718331175,0.247340316,4.312483309,3.454776036,-0.03507988174099996,0.22410630454999997,-0.2461344104
0.640615184,0.666600479,0.162699744,4.073363825,3.296791806,0.128635196259,0.17237560854999995,-0.33077498240000003
0.565085312,0.771626911,0.498895665,5.87675629,4.923191006,0.05310532425900005,0.27740204055,0.00542093859999998
0.012103117,0.009038469,0.357029344,1.807664473,1.529428847,-0.49987687074099996,-0.48518640145,-0.13644538239999998
0.926194068,0.22867678,0.634363689,5.852090055,4.549298644,0.4142140802590001,-0.26554809045000005,0.14088896259999995
0.222075871,0.32166999,0.84804209,5.400591293,4.486426207,-0.2899041167409999,-0.17255488045,0.35456736359999996
0.728861442,0.095399277,0.428702021,4.01512736,2.898192774,0.21688145425900007,-0.39882559345,-0.06477270540000002
0.029169764,0.480890147,0.662434012,4.846982374,3.874869238,-0.48281022374099997,-0.01333472345000003,0.16895928559999995
0.118502624,0.288884939,0.397836626,2.972141027,2.6119736,-0.39347736374099995,-0.20533993145,-0.09563810039999998
0.919531025,0.993255015,0.044911299,4.935852351,3.889362486,0.407551037259,0.49903014455,-0.4485634274
0.761007923,0.371724066,0.392458186,4.76711828,3.535145859,0.24902793525900002,-0.12250080445,-0.10101654040000002
0.754264973,0.918426432,0.950928595,8.923901528,7.243804692,0.242284985259,0.42420156154999994,0.45745386860000004
0.577122586,0.357121159,0.787549086,6.048019028,4.810217642,0.06514259825900004,-0.13710371145,0.29407435959999995
0.251001383,0.564074029,0.358578462,4.100848615,3.141748648,-0.26097860474099993,0.06984915855000001,-0.13489626440000002
0.656631074,0.240398913,0.191592946,3.026278902,2.309955818,0.14465108625900003,-0.25382595745000003,-0.3018817804
0.918239087,0.101803683,0.505957908,4.577886203,3.519137728,0.40625909925900006,-0.39242118745,0.012483181599999948
0.220852783,0.038929963,0.036018818,0.760252045,0.475267171,-0.29112720474099996,-0.45529490745,-0.4574559084
0.175221772,0.866770355,0.282478744,4.260573059,3.630016312,-0.33675821574099996,0.37254548455,-0.2109959824
0.950459171,0.581622293,0.43661419,5.938938309,4.495464269,0.43847918325900004,0.08739742254999999,-0.056860536399999995
0.580088835,0.516698385,0.758776254,6.61029119,5.037197017,0.06810884725900002,0.022473514549999962,0.26530152760000003
0.282496066,0.353050392,0.894094303,6.147815439,4.81974479,-0.22948392174099996,-0.14117447845000003,0.4006195766
0.946456513,0.892558227,0.419447994,6.703993785,5.402067865,0.43447652525900005,0.39833335654999996,-0.07402673240000002
0.780365503,0.476335733,0.497539852,5.653556279,4.331854816,0.268385515259,-0.017889137450000037,0.004065125599999997
0.204680109,0.591130303,0.186135898,3.113399249,2.482931405,-0.30729987874099995,0.09690543255,-0.30733882840000004
0.331564699,0.855030202,0.207075809,4.145411637,3.467661669,-0.18041528874099994,0.36080533155,-0.2863989174
0.071158285,0.069007593,0.940784521,5.098209342,3.867823748,-0.44082170274099997,-0.42521727745000004,0.4473097946
0.506920438,0.409412072,0.810878581,6.505074701,5.076895726,-0.00505954974099998,-0.08481279845,0.3174038546
0.835825928,0.332191033,0.693618057,6.034839293,4.897032208,0.32384594025900004,-0.16203383745,0.2001433306
0.771122816,0.654650687,0.151595075,4.22802679,3.358760393,0.25914282825900004,0.16042581654999993,-0.3418796514
0.875883084,0.539094553,0.282472426,4.823056561,3.892043164,0.3639030962590001,0.044869682549999956,-0.2110023004
0.425228185,0.03757109,0.127866801,1.597113163,1.130487599,-0.08675180274099997,-0.45665378045000005,-0.3656079254
0.765546751,1.16e-05,0.416565828,3.51572719,2.927403426,0.25356676325900007,-0.49421327045,-0.07690889839999998
0.522510181,0.05463442,0.973078163,6.186500223,4.82811334,0.010530193259000065,-0.43959045045,0.47960343660000004
0.226125331,0.30419872,0.303942512,3.116563455,2.281799586,-0.28585465674099997,-0.19002615045000004,-0.1895322144
0.230416662,0.001473822,0.729344794,4.131591907,3.264701361,-0.28156332574099996,-0.49275104845,0.23587006759999996
0.9668455,0.224293483,0.663047192,5.831400579,4.652464249,0.45486551225900007,-0.26993138745,0.16957246559999994
0.741896327,0.848425379,0.422629197,5.987318724,5.046453016,0.229916339259,0.35420050855,-0.0708455294
0.302930906,0.325295134,0.712621333,5.170651477,4.010451613,-0.20904908174099995,-0.16892973645000003,0.21914660659999996
0.816779467,0.181613968,0.370941008,4.143493611,3.086716228,0.3047994792590001,-0.31261090245,-0.12253371839999999
0.901940197,0.80669352,0.984858403,9.195769741,7.412707995,0.3899602092590001,0.31246864955000003,0.49138367660000004
0.75424826,0.393195201,0.590637834,5.641030908,4.417358235,0.24226827225900005,-0.10102966945000003,0.09716310760000002
0.661014254,0.078455816,0.544496959,4.220953588,3.455702066,0.14903426625900007,-0.41576905445,0.05102223259999994
0.709320828,0.167321304,0.780631717,5.714547793,4.774754971,0.197340840259,-0.32690356645,0.2871569906
0.583772781,0.952221786,0.042422298,4.319797542,3.385723325,0.07179279325900001,0.45799691554999994,-0.45105242840000004
0.265326138,0.601553879,0.296559912,3.909490636,3.156249786,-0.24665384974099996,0.10732900855,-0.19691481440000003
0.714424164,0.759005283,0.102515964,4.063871017,3.263844081,0.20244417625900002,0.26478041255,-0.3909587624
0.513854464,0.508890556,0.36928077,4.559768344,3.595604496,0.0018744762590000574,0.014665685549999974,-0.12419395640000003
0.932924863,0.82750632,0.697209382,7.891822716,6.27693302,0.42094487525900004,0.33328144955,0.20373465560000004
0.714326636,0.461716144,0.920994521,7.558733773,5.957062226,0.20234664825900006,-0.032508726450000025,0.4275197946
0.694595427,0.728981062,0.861690904,7.750375784,6.246552203,0.18261543925900003,0.23475619155,0.3682161776
0.274071589,0.807070904,0.195240603,3.80897649,3.043638714,-0.23790839874099995,0.31284603355,-0.2982341234
0.345341952,0.335610454,0.978525468,6.575245678,5.321466144,-0.16663803574099995,-0.15861441645000002,0.48505074159999995
0.856537224,0.701169862,0.727056762,7.502146283,5.739617221,0.34455723625900003,0.20694499154999996,0.23358203560000002
0.562072794,0.947090667,0.496258753,6.626347437,5.164135822,0.05009280625900003,0.45286579655,0.002784026599999989
0.38051771,0.163035337,0.786205652,5.251777583,4.217305703,-0.13146227774099994,-0.33118953345,0.2927309256
0.734443932,0.384355039,0.025193414,2.723651922,2.182516924,0.22246394425900007,-0.10986983145000001,-0.4682813124
0.838997328,0.011417983,0.70369978,5.128110583,4.296674333,0.3270173402590001,-0.48280688745,0.2102250536
0.97025711,0.437661328,0.234973405,4.551365286,3.59194352,0.4582771222590001,-0.056563542450000004,-0.25850132140000004
0.70487101,0.817128142,0.546430316,6.496807484,5.220458296,0.192891022259,0.3229032715499999,0.05295558960000002
0.967035275,0.051668722,0.504795598,4.775901562,3.601638448,0.455055287259,-0.44255614845,0.011320871599999949
0.718453947,0.862640471,0.179255612,4.892668903,3.946567476,0.20647395925900003,0.36841560054999994,-0.3142191144
0.800003482,0.552707076,0.396553682,5.399954808,4.009769964,0.2880234942590001,0.05848220555,-0.09692104439999999
0.131715029,0.865295759,0.157273208,3.713576504,2.895864881,-0.38026495874099997,0.37107088855,-0.3362015184
0.309787859,0.290045532,0.871414034,5.833082936,4.619375665,-0.20219212874099995,-0.20417933845000003,0.37793930759999994
